Timestamp;Capacidad disponible;Capacidad utilizada;% Memoria utilizada
2024/03/04 22:36:09;5117868;5828872;53.247560460922614
2024/03/04 22:36:14;5117548;5829192;53.25048370565118
2024/03/04 22:36:19;5099916;5846824;53.41155449019526
2024/03/04 22:36:24;5103612;5843128;53.3777910135803
2024/03/04 22:36:29;5100152;5846588;53.40939859720793
2024/03/04 22:36:34;5097860;5848880;53.4303363375763
2024/03/04 22:36:40;5104900;5841840;53.366024953547814
2024/03/04 22:36:45;5104400;5842340;53.3705925234362
2024/03/04 22:36:50;5100900;5845840;53.40256551265491
2024/03/04 22:36:55;5105652;5841088;53.35915532843568
2024/03/04 22:37:00;5105400;5841340;53.36145738365943
2024/03/04 22:37:05;5102376;5844364;53.38908204634439
2024/03/04 22:37:10;5102376;5844364;53.38908204634439
2024/03/04 22:37:15;5102376;5844364;53.38908204634439
2024/03/04 22:37:20;5100420;5846320;53.40695037974776
2024/03/04 22:37:25;5100612;5846128;53.40519643291062
2024/03/04 22:37:30;5100612;5846128;53.40519643291062
2024/03/04 22:37:35;5105608;5841132;53.35955727458586
2024/03/04 22:37:40;5105344;5841396;53.36196895148693
2024/03/04 22:37:45;5105360;5841380;53.361822789250496
2024/03/04 22:37:51;5101356;5845384;53.3983998889167
2024/03/04 22:37:56;5101104;5845636;53.400701944140444
2024/03/04 22:38:01;5105760;5840980;53.35816873333979
2024/03/04 22:38:06;5105036;5841704;53.364782574538175
2024/03/04 22:38:11;5104784;5841956;53.36708462976192
2024/03/04 22:38:16;5095464;5851276;53.452224132481454
2024/03/04 22:38:21;5095452;5851288;53.45233375415877
2024/03/04 22:38:26;5096920;5849820;53.43892336896647
2024/03/04 22:38:31;5096168;5850572;53.4457929940786
2024/03/04 22:38:36;5095664;5851076;53.4503971045261
2024/03/04 22:38:41;5094912;5851828;53.45726672963823
2024/03/04 22:38:47;5095164;5851576;53.454964674414484
2024/03/04 22:38:52;5095416;5851324;53.45266261919074
2024/03/04 22:38:57;5094916;5851824;53.45723018907913
2024/03/04 22:39:03;5094664;5852076;53.45953224430287
2024/03/04 22:39:08;5094664;5852076;53.45953224430287
2024/03/04 22:39:13;5093152;5853588;53.47334457564535
2024/03/04 22:39:18;5089624;5857116;53.50557334877781
2024/03/04 22:39:23;5089876;5856864;53.503271293554064
2024/03/04 22:39:28;5094872;5851868;53.457632135229304
2024/03/04 22:39:33;5090588;5856152;53.496767074033
2024/03/04 22:39:39;5093612;5853128;53.46914241134804
2024/03/04 22:39:44;5097368;5849372;53.43483082634648
2024/03/04 22:39:49;5098156;5848584;53.42763233620238
2024/03/04 22:39:54;5096728;5850012;53.44067731580361
2024/03/04 22:39:59;5096476;5850264;53.442979371027356
2024/03/04 22:40:04;5030124;5916616;54.049114165495844
2024/03/04 22:40:10;4951248;5995492;54.76965745052865
2024/03/04 22:40:15;4950996;5995744;54.7719595057524
2024/03/04 22:40:20;4947216;5999524;54.8064903341086
2024/03/04 22:40:25;4946964;5999776;54.808792389332346
2024/03/04 22:40:30;4946712;6000028;54.8110944445561
2024/03/04 22:40:35;4951452;5995288;54.76779388201419
2024/03/04 22:40:40;4950448;5996292;54.77696556235007
2024/03/04 22:40:45;4950448;5996292;54.77696556235007
2024/03/04 22:40:51;4950196;5996544;54.779267617573815
2024/03/04 22:40:56;4949692;5997048;54.78387172802131
2024/03/04 22:41:01;4949188;5997552;54.788475838468806
2024/03/04 22:41:06;4948688;5998052;54.79304340835719
2024/03/04 22:41:11;4948688;5998052;54.79304340835719
2024/03/04 22:41:16;4948688;5998052;54.79304340835719
2024/03/04 22:41:21;4947944;5998796;54.799839952351114
2024/03/04 22:41:26;4947440;5999300;54.8044440627986
2024/03/04 22:41:31;4946936;5999804;54.8090481732461
2024/03/04 22:41:36;4946180;6000560;54.81595433891734
2024/03/04 22:41:41;4942148;6004592;54.85278722249729
2024/03/04 22:41:46;4947120;5999620;54.80736730752717
2024/03/04 22:41:51;4947372;5999368;54.80506525230343
2024/03/04 22:41:56;4952576;5994164;54.757525984905094
2024/03/04 22:42:01;4952576;5994164;54.757525984905094
2024/03/04 22:42:06;4957616;5989124;54.711484880430156
2024/03/04 22:42:11;4956612;5990128;54.72065656076604
2024/03/04 22:42:16;4956612;5990128;54.72065656076604
2024/03/04 22:42:21;4956148;5990592;54.72489526562246
2024/03/04 22:42:26;4955896;5990844;54.72719732084621
2024/03/04 22:42:32;4955392;5991348;54.7318014312937
2024/03/04 22:42:37;4951864;5994876;54.764030204426156
2024/03/04 22:42:42;4948588;5998152;54.79395692233487
2024/03/04 22:42:47;4948340;5998400;54.79622243699951
2024/03/04 22:42:52;4944336;6002404;54.83279953666571
2024/03/04 22:42:57;4949572;5997168;54.78496794479452
2024/03/04 22:43:02;4948060;5998680;54.798780276137
2024/03/04 22:43:07;4943776;6002964;54.8379152149407
2024/03/04 22:43:12;4942516;6004224;54.84942549105944
2024/03/04 22:43:17;4941512;6005228;54.85859717139532
2024/03/04 22:43:22;4925636;6021104;55.00362665049138
2024/03/04 22:43:27;4925384;6021356;55.00592870571513
2024/03/04 22:43:32;4924880;6021860;55.01053281616262
2024/03/04 22:43:37;4930220;6016520;54.96175116975465
2024/03/04 22:43:42;4929716;6017024;54.966355280202144
2024/03/04 22:43:47;4924176;6022564;55.01696395456547
2024/03/04 22:43:52;4923924;6022816;55.01926600978921
2024/03/04 22:43:57;4928948;6017792;54.9733710675507
2024/03/04 22:44:02;4928696;6018044;54.97567312277445
2024/03/04 22:44:07;4924452;6022288;55.01444265598708
2024/03/04 22:44:12;4898748;6047992;55.249252288809274
2024/03/04 22:44:17;4898244;6048496;55.25385639925676
2024/03/04 22:44:22;4897992;6048748;55.25615845448051
2024/03/04 22:44:27;4897488;6049252;55.26076256492801
2024/03/04 22:44:32;4893456;6053284;55.297595448507955
2024/03/04 22:44:37;4891188;6055552;55.31831394552168
2024/03/04 22:44:42;4892700;6054040;55.3045016141792
2024/03/04 22:44:48;4891188;6055552;55.31831394552168
2024/03/04 22:44:53;4887660;6059080;55.35054271865414
2024/03/04 22:44:58;4935032;6011708;54.91779287714881
2024/03/04 22:45:03;4937132;6009608;54.898609083617586
2024/03/04 22:45:08;4941848;6004892;54.85552776443032
2024/03/04 22:45:13;4941596;6005144;54.85782981965407
2024/03/04 22:45:18;4941596;6005144;54.85782981965407
2024/03/04 22:45:23;4942644;6004096;54.84825619316801
2024/03/04 22:45:28;4942140;6004600;54.85286030361551
2024/03/04 22:45:33;5114648;5832092;53.27697561100383
2024/03/04 22:45:38;5113724;5833016;53.285416480157565
2024/03/04 22:45:43;5037528;5909212;53.98147759058861
2024/03/04 22:45:48;5032740;5914000;54.025216639839805
2024/03/04 22:45:53;4956888;5989852;54.718135262187644
2024/03/04 22:45:58;4956344;5990396;54.72310477822621
2024/03/04 22:46:03;4952564;5994176;54.75763560658242
2024/03/04 22:46:08;4951812;5994928;54.76450523169455
2024/03/04 22:46:13;4948284;5998456;54.79673400482701
2024/03/04 22:46:19;4948032;5998708;54.79903606005075
2024/03/04 22:46:24;4944760;6001980;54.82892623740036
2024/03/04 22:46:29;4951364;5995376;54.76859777431454
2024/03/04 22:46:34;4949616;5997124;54.78456599864435
2024/03/04 22:46:39;4946844;5999896;54.80988860610556
2024/03/04 22:46:44;4946592;6000148;54.81219066132931
2024/03/04 22:46:49;4942812;6003928;54.846721489685514
2024/03/04 22:46:54;4944576;6002164;54.830607103119284
2024/03/04 22:46:59;4944324;6002416;54.83290915834303
2024/03/04 22:47:04;4940544;6006196;54.86743998669924
2024/03/04 22:47:09;4940292;6006448;54.86974204192298
2024/03/04 22:47:14;4945512;6001228;54.82205661228822
2024/03/04 22:47:19;4945008;6001732;54.82666072273572
2024/03/04 22:47:24;4945008;6001732;54.82666072273572
2024/03/04 22:47:29;4945008;6001732;54.82666072273572
2024/03/04 22:47:34;4944784;6001956;54.82870699404572
2024/03/04 22:47:39;4944280;6002460;54.83331110449321
2024/03/04 22:47:44;4943776;6002964;54.8379152149407
2024/03/04 22:47:49;4943524;6003216;54.84021727016445
2024/03/04 22:47:54;4943524;6003216;54.84021727016445
2024/03/04 22:47:59;4943272;6003468;54.842519325388196
2024/03/04 22:48:04;4941552;6005188;54.85823176580425
2024/03/04 22:48:09;4941804;6004936;54.855929710580504
2024/03/04 22:48:14;4941552;6005188;54.85823176580425
2024/03/04 22:48:20;4946780;5999960;54.81047325505128
2024/03/04 22:48:25;4946528;6000212;54.81277531027502
2024/03/04 22:48:30;4946028;6000712;54.81734288016341
2024/03/04 22:48:35;4945552;6001188;54.82169120669715
2024/03/04 22:48:40;4945300;6001440;54.8239932619209
2024/03/04 22:48:45;4945048;6001692;54.82629531714465
2024/03/04 22:48:50;4944584;6002156;54.83053402200107
2024/03/04 22:48:55;4936016;6010724;54.908803899608465
2024/03/04 22:49:00;4935512;6011228;54.91340801005596
2024/03/04 22:49:05;4934000;6012740;54.927220341398446
2024/03/04 22:49:10;4933748;6012992;54.92952239662219
2024/03/04 22:49:15;4933248;6013492;54.93408996651058
2024/03/04 22:49:20;4923672;6023068;55.021568065012964
2024/03/04 22:49:25;4923168;6023572;55.02617217546046
2024/03/04 22:49:30;4923168;6023572;55.02617217546046
2024/03/04 22:49:35;4928420;6018320;54.97819442135284
2024/03/04 22:49:40;4928168;6018572;54.98049647657659
2024/03/04 22:49:45;4928168;6018572;54.98049647657659
2024/03/04 22:49:50;4911020;6035720;55.1371458534687
2024/03/04 22:49:55;4812800;6133940;56.03439928234342
2024/03/04 22:50:01;4697324;6249416;57.08928868320614
2024/03/04 22:50:06;4720000;6226740;56.88214025362802
2024/03/04 22:50:11;4677348;6269392;57.271772235386976
2024/03/04 22:50:16;4672052;6274688;57.320151935644766
2024/03/04 22:50:21;4680024;6266716;57.24732660134433
2024/03/04 22:50:26;4697160;6249580;57.09078684612953
2024/03/04 22:50:31;4737660;6209080;56.7208136851702
2024/03/04 22:50:36;4677076;6269664;57.274256993406254
2024/03/04 22:50:41;4645992;6300748;57.55821367822749
2024/03/04 22:50:46;4624100;6322640;57.75820015822062
2024/03/04 22:50:51;4594500;6352240;58.028600295613124
2024/03/04 22:50:56;4506204;6440536;58.835196597343135
2024/03/04 22:51:01;4529652;6417088;58.62099583985734
2024/03/04 22:51:06;4469320;6477420;59.17213709286966
2024/03/04 22:51:12;4381048;6565692;59.97851415124503
2024/03/04 22:51:17;4360812;6585928;60.163372839767824
2024/03/04 22:51:22;4296312;6650428;60.75258935536973
2024/03/04 22:51:27;4213772;6732968;61.50660379254463
2024/03/04 22:51:32;4207372;6739368;61.56506868711598
2024/03/04 22:51:37;4143440;6803300;62.14909644332468
2024/03/04 22:51:42;4247468;6699272;61.198786122626466
2024/03/04 22:51:47;4301848;6644892;60.702017221565505
2024/03/04 22:51:52;4302604;6644136;60.695111055894266
2024/03/04 22:51:57;4146396;6800344;62.122092970144536
2024/03/04 22:52:03;4303044;6643696;60.69109159439249
2024/03/04 22:52:08;4310988;6635752;60.61852204400579
2024/03/04 22:52:13;4315472;6631268;60.577560077246744
2024/03/04 22:52:18;4316228;6630512;60.5706539115755
2024/03/04 22:52:23;4320256;6626484;60.53385756855466
2024/03/04 22:52:28;4320508;6626232;60.53155551333091
2024/03/04 22:52:33;4325212;6621528;60.48858381582097
2024/03/04 22:52:38;4338524;6608216;60.36697683511255
2024/03/04 22:52:43;4338524;6608216;60.36697683511255
2024/03/04 22:52:48;4338020;6608720;60.37158094556005
2024/03/04 22:52:53;4338020;6608720;60.37158094556005
2024/03/04 22:52:58;4337768;6608972;60.37388300078379
2024/03/04 22:53:04;4341968;6604772;60.335515413721346
2024/03/04 22:53:09;4341716;6605024;60.33781746894509
2024/03/04 22:53:14;4341480;6605260;60.33997336193241
2024/03/04 22:53:19;4341228;6605512;60.34227541715616
2024/03/04 22:53:24;4308796;6637944;60.63854627039648
2024/03/04 22:53:29;4308292;6638448;60.64315038084398
2024/03/04 22:53:34;4307788;6638952;60.64775449129147
2024/03/04 22:53:39;4308040;6638700;60.64545243606772
2024/03/04 22:53:44;4304764;6641976;60.675379153976436
2024/03/04 22:53:49;4308544;6638196;60.64084832562023
2024/03/04 22:53:55;4305016;6641724;60.673077098752685
2024/03/04 22:54:00;4305016;6641724;60.673077098752685
2024/03/04 22:54:05;4305016;6641724;60.673077098752685
2024/03/04 22:54:10;4307568;6639172;60.649764222042364
2024/03/04 22:54:15;4303296;6643444;60.68878953916874
2024/03/04 22:54:20;4306572;6640168;60.65886282126003
2024/03/04 22:54:25;4308516;6638224;60.64110410953398
2024/03/04 22:54:30;4304808;6641932;60.67497720782626
2024/03/04 22:54:35;4306068;6640672;60.663466931707525
2024/03/04 22:54:40;4305340;6641400;60.67011731346501
2024/03/04 22:54:45;4304584;6642156;60.67702347913625
2024/03/04 22:54:50;4304836;6641904;60.67472142391251
2024/03/04 22:54:55;4301168;6645572;60.708229116613715
2024/03/04 22:55:00;4301840;6644900;60.70209030268372
2024/03/04 22:55:05;4302092;6644648;60.69978824745998
2024/03/04 22:55:10;4302092;6644648;60.69978824745998
2024/03/04 22:55:15;4302728;6644012;60.693978298561944
2024/03/04 22:55:20;4302860;6643880;60.692772460111414
2024/03/04 22:55:25;4302612;6644128;60.69503797477605
2024/03/04 22:55:30;4301352;6645388;60.706548250894784
2024/03/04 22:55:35;4296564;6650176;60.75028730014598
2024/03/04 22:55:40;4295808;6650932;60.757193465817224
2024/03/04 22:55:45;4278328;6668412;60.916875709115224
2024/03/04 22:55:50;4282336;6664404;60.88026206888991
2024/03/04 22:55:56;4284608;6662132;60.85950703131709
2024/03/04 22:56:01;4286252;6660488;60.84448886152407
2024/03/04 22:56:06;4286636;6660104;60.84098096784979
2024/03/04 22:56:11;4288812;6657928;60.82110290369553
2024/03/04 22:56:16;4289328;6657412;60.81638917157071
2024/03/04 22:56:21;4294384;6652356;60.77020190485935
2024/03/04 22:56:26;4292904;6653836;60.783721911728975
2024/03/04 22:56:31;4292652;6654088;60.78602396695272
2024/03/04 22:56:36;4291644;6655096;60.79523218784771
2024/03/04 22:56:41;4287640;6659100;60.831809287513906
2024/03/04 22:56:46;4318980;6627760;60.54551400690982
2024/03/04 22:56:51;4309468;6637272;60.63240745646649
2024/03/04 22:56:56;4308736;6638004;60.63909437878309
2024/03/04 22:57:01;4309996;6636744;60.62758410266436
2024/03/04 22:57:06;4306216;6640524;60.66211493102056
2024/03/04 22:57:11;4305460;6641280;60.6690210966918
2024/03/04 22:57:16;4300924;6645816;60.71045809071924
2024/03/04 22:57:21;4301680;6645060;60.703551925048004
2024/03/04 22:57:26;4289388;6657352;60.81584106318411
2024/03/04 22:57:31;4292412;6654328;60.788216400499145
2024/03/04 22:57:36;4292412;6654328;60.788216400499145
2024/03/04 22:57:41;4292412;6654328;60.788216400499145
2024/03/04 22:57:46;4304476;6642264;60.67801007423215
2024/03/04 22:57:52;4305232;6641508;60.6711039085609
2024/03/04 22:57:57;4308176;6638564;60.64421005705808
2024/03/04 22:58:02;4273736;6673004;60.95882427097017
2024/03/04 22:58:07;4273400;6673340;60.961893677935166
2024/03/04 22:58:12;4269348;6677392;60.998909264310655
2024/03/04 22:58:17;4273872;6672868;60.95758189196053
2024/03/04 22:58:22;4273372;6673368;60.96214946184892
2024/03/04 22:58:27;4274408;6672332;60.952685457040175
2024/03/04 22:58:32;4274384;6672356;60.95290470039482
2024/03/04 22:58:37;4274156;6672584;60.954987512263926
2024/03/04 22:58:42;4273400;6673340;60.961893677935166
2024/03/04 22:58:47;4272392;6674348;60.971101898830156
2024/03/04 22:58:52;4267100;6679640;61.01944505852884
2024/03/04 22:58:57;4265336;6681404;61.03555944509507
2024/03/04 22:59:02;4261556;6685184;61.07009027345127
2024/03/04 22:59:07;4261052;6685688;61.074694383898766
2024/03/04 22:59:12;4265336;6681404;61.03555944509507
2024/03/04 22:59:17;4264580;6682160;61.04246561076631
2024/03/04 22:59:22;4263332;6683408;61.05386626520772
2024/03/04 22:59:27;4257536;6689204;61.10681353535391
2024/03/04 22:59:33;4258292;6688448;61.09990736968266
2024/03/04 22:59:38;4252496;6694244;61.152854639828846
2024/03/04 22:59:43;4247484;6699256;61.19863996039003
2024/03/04 22:59:48;4251688;6695052;61.16023583276848
2024/03/04 22:59:53;4230772;6715968;61.351306416339476
2024/03/04 22:59:58;4196764;6749976;61.661974249867995
2024/03/04 23:00:03;4184696;6762044;61.7722171166941
2024/03/04 23:00:09;4174072;6772668;61.86926884168255
2024/03/04 23:00:15;4164748;6781992;61.954444884961184
2024/03/04 23:00:21;4158196;6788544;62.01429832077861
2024/03/04 23:00:26;4151952;6794788;62.071338133544785
2024/03/04 23:00:31;4150192;6796548;62.087415979551906
2024/03/04 23:00:36;4152652;6794088;62.06494353570104
2024/03/04 23:00:42;4148872;6797868;62.099474364057244
2024/03/04 23:00:47;4519856;6426884;58.71048366911062
2024/03/04 23:00:52;4425688;6521052;59.57072151160985
2024/03/04 23:00:57;4372332;6574408;60.05813602953939
2024/03/04 23:01:03;4377572;6569168;60.010267897109095
2024/03/04 23:01:08;4341100;6605640;60.34344471504758
2024/03/04 23:01:13;4339840;6606900;60.354954991166316
2024/03/04 23:01:18;4340068;6606672;60.352872179297215
2024/03/04 23:01:23;4322704;6624036;60.51149474638112
2024/03/04 23:01:28;4280116;6666624;60.90054207919435
2024/03/04 23:01:33;4279896;6666844;60.902551809945244
2024/03/04 23:01:38;4281664;6665076;60.886400882819906
2024/03/04 23:01:43;4283176;6663564;60.87258855147743
2024/03/04 23:01:48;4287896;6658844;60.82947069173105
2024/03/04 23:01:53;4285188;6661552;60.854208650246555
2024/03/04 23:01:58;4277628;6669112;60.92327030695897
2024/03/04 23:02:03;4273848;6672892;60.95780113531517
2024/03/04 23:02:08;4273096;6673644;60.9646707604273
2024/03/04 23:02:13;4273600;6673140;60.96006664997981
2024/03/04 23:02:18;4259640;6687100;61.08759320126357
2024/03/04 23:02:24;4260660;6686080;61.078275358691265
2024/03/04 23:02:29;4260660;6686080;61.078275358691265
2024/03/04 23:02:34;4260912;6685828;61.075973303467514
2024/03/04 23:02:39;4257132;6689608;61.110504131823724
2024/03/04 23:02:44;4260156;6686584;61.08287946913876
2024/03/04 23:02:49;4263628;6683112;61.051162263833795
2024/03/04 23:02:54;4263376;6683364;61.05346431905755
2024/03/04 23:02:59;4246744;6699996;61.205399963824846
2024/03/04 23:03:04;4246492;6700248;61.2077020190486
2024/03/04 23:03:09;4245988;6700752;61.212306129496085
2024/03/04 23:03:14;4248508;6698232;61.189285577258616
2024/03/04 23:03:19;4245232;6701508;61.21921229516733
2024/03/04 23:03:24;4245232;6701508;61.21921229516733
2024/03/04 23:03:29;4244980;6701760;61.221514350391075
2024/03/04 23:03:34;4244492;6702248;61.225972298602144
2024/03/04 23:03:39;4242504;6704236;61.24413295647837
2024/03/04 23:03:44;4242504;6704236;61.24413295647837
2024/03/04 23:03:49;4242252;6704488;61.24643501170211
2024/03/04 23:03:54;4242252;6704488;61.24643501170211
2024/03/04 23:04:00;4242000;6704740;61.24873706692586
2024/03/04 23:04:05;4241748;6704992;61.251039122149606
2024/03/04 23:04:10;4241500;6705240;61.25330463681425
2024/03/04 23:04:15;4251428;6695312;61.16261096911044
2024/03/04 23:04:20;4251176;6695564;61.16491302433418
2024/03/04 23:04:25;4250924;6695816;61.167215079557934
2024/03/04 23:04:30;4245152;6701588;61.21994310634947
2024/03/04 23:04:35;4240620;6706120;61.26134355981781
2024/03/04 23:04:40;4240716;6706024;61.26046658639924
2024/03/04 23:04:45;4240620;6706120;61.26134355981781
2024/03/04 23:04:50;4240368;6706372;61.263645615041554
2024/03/04 23:04:55;4241552;6705188;61.252829609545856
2024/03/04 23:05:00;4240572;6706168;61.261782046527095
2024/03/04 23:05:05;4236540;6710200;61.29861493010704
2024/03/04 23:05:10;4238052;6708688;61.284802598764564
2024/03/04 23:05:15;4238304;6708436;61.28250054354082
2024/03/04 23:05:20;4242100;6704640;61.247823552948184
2024/03/04 23:05:25;4249072;6697668;61.18413335842452
2024/03/04 23:05:30;4248316;6698424;61.19103952409576
2024/03/04 23:05:35;4245040;6701700;61.22096624200447
2024/03/04 23:05:40;4249828;6696912;61.17722719275328
2024/03/04 23:05:45;4243024;6703716;61.239382683794446
2024/03/04 23:05:51;4242772;6703968;61.24168473901819
2024/03/04 23:05:56;4245796;6700944;61.214060076333226
2024/03/04 23:06:01;4245292;6701448;61.21866418678072
2024/03/04 23:06:06;4245520;6701220;61.21658137491162
2024/03/04 23:06:11;4245544;6701196;61.21636213155698
2024/03/04 23:06:16;4242016;6704724;61.24859090468943
2024/03/04 23:06:21;4241828;6704912;61.25030831096747
2024/03/04 23:06:26;4236488;6710252;61.299089957375436
2024/03/04 23:06:31;4232708;6714032;61.33362078573164
2024/03/04 23:06:36;4232960;6713780;61.331318730507896
2024/03/04 23:06:42;4232484;6714256;61.33566705704164
2024/03/04 23:06:47;4231980;6714760;61.340271167489135
2024/03/04 23:06:52;4231728;6715012;61.34257322271288
2024/03/04 23:06:57;4231228;6715512;61.347140792601266
2024/03/04 23:07:02;4231228;6715512;61.347140792601266
2024/03/04 23:07:07;4230976;6715764;61.34944284782502
2024/03/04 23:07:12;4230724;6716016;61.35174490304876
2024/03/04 23:07:17;4230956;6715784;61.34962555062055
2024/03/04 23:07:22;4234624;6712116;61.316117857919345
2024/03/04 23:07:27;4276908;6669832;60.92984760759824
2024/03/04 23:07:32;4278284;6668456;60.9172776552654
2024/03/04 23:07:37;4278792;6667948;60.912637004258805
2024/03/04 23:07:42;4281088;6665652;60.89166272333133
2024/03/04 23:07:47;4281088;6665652;60.89166272333133
2024/03/04 23:07:52;4279324;6667416;60.90777710989756
2024/03/04 23:07:57;4279576;6667164;60.905475054673815
2024/03/04 23:08:02;4283104;6663636;60.873246281541356
2024/03/04 23:08:07;4287384;6659356;60.834147883296765
2024/03/04 23:08:12;4286408;6660332;60.8430637797189
2024/03/04 23:08:17;4282628;6664112;60.8775946080751
2024/03/04 23:08:22;4282740;6664000;60.876571472420096
2024/03/04 23:08:27;4281004;6665736;60.89243007507258
2024/03/04 23:08:32;4266336;6680404;61.026424305318294
2024/03/04 23:08:37;4271732;6675008;60.977131091082825
2024/03/04 23:08:43;4274888;6671852;60.94830058994733
2024/03/04 23:08:48;4274800;6671940;60.949104482247684
2024/03/04 23:08:53;4275304;6671436;60.94450037180019
2024/03/04 23:08:58;4275556;6671184;60.942198316576444
2024/03/04 23:09:03;4276316;6670424;60.9352556103461
2024/03/04 23:09:08;4282548;6664192;60.87832541925724
2024/03/04 23:09:13;4278040;6668700;60.919506629370936
2024/03/04 23:09:18;4281092;6665648;60.89162618277222
2024/03/04 23:09:23;4280364;6666376;60.898276564529716
2024/03/04 23:09:28;4277872;6668868;60.921041332853434
2024/03/04 23:09:33;4277872;6668868;60.921041332853434
2024/03/04 23:09:38;4277620;6669120;60.92334338807718
2024/03/04 23:09:43;4273616;6673124;60.95992048774338
2024/03/04 23:09:48;4271096;6675644;60.98294103998085
2024/03/04 23:09:53;4279908;6666832;60.90244218826792
2024/03/04 23:09:58;4277136;6669604;60.92776479572914
2024/03/04 23:10:03;4276880;6669860;60.93010339151199
2024/03/04 23:10:08;4276124;6670616;60.93700955718324
2024/03/04 23:10:14;4276908;6669832;60.92984760759824
2024/03/04 23:10:19;4284668;6662072;60.858958922930476
2024/03/04 23:10:24;4283660;6663080;60.86816714382547
2024/03/04 23:10:29;4282680;6664060;60.877119580806706
2024/03/04 23:10:34;4282176;6664564;60.8817236912542
2024/03/04 23:10:39;4278144;6668596;60.91855657483415
2024/03/04 23:10:44;4277640;6669100;60.923160685281644
2024/03/04 23:10:49;4253528;6693212;61.14342717557921
2024/03/04 23:10:54;4245420;6701320;61.21749488888929
2024/03/04 23:10:59;4208136;6738604;61.558089440326526
2024/03/04 23:11:04;4166996;6779744;61.933909090743
2024/03/04 23:11:09;4158428;6788312;62.0121789683504
2024/03/04 23:11:14;4160696;6786044;61.99146047133667
2024/03/04 23:11:19;4155948;6790792;62.03483411499679
2024/03/04 23:11:24;4157976;6788764;62.0163080515295
2024/03/04 23:11:30;4143736;6803004;62.14639244195075
2024/03/04 23:11:35;4140276;6806464;62.17800002557839
2024/03/04 23:11:40;4139776;6806964;62.18256759546678
2024/03/04 23:11:45;4146076;6800664;62.125016214873106
2024/03/04 23:11:50;4147336;6799404;62.11350593875437
2024/03/04 23:11:55;4114120;6832620;62.416938741579685
2024/03/04 23:12:00;4114372;6832368;62.41463668635594
2024/03/04 23:12:05;4111604;6835136;62.439922753258045
2024/03/04 23:12:10;4112360;6834380;62.433016587586806
2024/03/04 23:12:15;4115636;6831104;62.4030898696781
2024/03/04 23:12:20;4115384;6831356;62.40539192490184
2024/03/04 23:12:25;4155128;6791612;62.04232492961375
2024/03/04 23:12:30;4154372;6792368;62.04923109528499
2024/03/04 23:12:35;4154120;6792620;62.05153315050874
2024/03/04 23:12:40;4152864;6793876;62.063006886068365
2024/03/04 23:12:45;4150848;6795892;62.08142332785834
2024/03/04 23:12:50;4151516;6795224;62.07532105448745
2024/03/04 23:12:55;4147992;6798748;62.107513287060804
2024/03/04 23:13:00;4152276;6794464;62.068378348257106
2024/03/04 23:13:06;4151196;6795544;62.078244299216024
2024/03/04 23:13:11;4150512;6796228;62.084492734823336
2024/03/04 23:13:16;4146984;6799756;62.116721507955795
2024/03/04 23:13:21;4145976;6800764;62.12592972885078
2024/03/04 23:13:26;4147740;6799000;62.109815342284556
2024/03/04 23:13:31;4145472;6801268;62.13053383929827
2024/03/04 23:13:36;4143204;6803536;62.151252336312
2024/03/04 23:13:41;4142952;6803788;62.15355439153574
2024/03/04 23:13:46;4142952;6803788;62.15355439153574
2024/03/04 23:13:51;4142952;6803788;62.15355439153574
2024/03/04 23:13:56;4139672;6807068;62.183517650003566
2024/03/04 23:14:01;4120716;6826024;62.356683359612084
2024/03/04 23:14:06;4128176;6818564;62.28853521687736
2024/03/04 23:14:11;4136092;6810648;62.21622145040441
2024/03/04 23:14:16;4137380;6809360;62.204455390371926
2024/03/04 23:14:21;4136372;6810368;62.21366361126692
2024/03/04 23:14:26;4133600;6813140;62.23898621872813
2024/03/04 23:14:31;4132620;6814120;62.24793865570937
2024/03/04 23:14:36;4128424;6818316;62.286269702212714
2024/03/04 23:14:42;4097072;6849668;62.572674604494125
2024/03/04 23:14:47;4099196;6847544;62.553271567608256
2024/03/04 23:14:52;4098692;6848048;62.55787567805575
2024/03/04 23:14:57;4099448;6847292;62.55096951238451
2024/03/04 23:15:02;4101212;6845528;62.53485512581828
2024/03/04 23:15:07;4100960;6845780;62.537157181042026
2024/03/04 23:15:12;4097184;6849556;62.57165146883912
2024/03/04 23:15:17;4098696;6848044;62.55783913749664
2024/03/04 23:15:22;4098444;6848296;62.56014119272039
2024/03/04 23:15:27;4096932;6849808;62.57395352406287
2024/03/04 23:15:32;4099708;6847032;62.54859437604255
2024/03/04 23:15:37;4100212;6846528;62.543990265595056
2024/03/04 23:15:42;4097188;6849552;62.57161492828002
2024/03/04 23:15:47;4096936;6849804;62.573916983503764
2024/03/04 23:15:52;4097440;6849300;62.56931287305627
2024/03/04 23:15:57;4094668;6852072;62.59463548051749
2024/03/04 23:16:02;4094920;6851820;62.59233342529374
2024/03/04 23:16:07;4094428;6852312;62.596827914063915
2024/03/04 23:16:12;4096952;6849788;62.57377082126734
2024/03/04 23:16:18;4101236;6845504;62.53463588246364
2024/03/04 23:16:23;4104764;6841976;62.50240710933118
2024/03/04 23:16:28;4102244;6844496;62.52542766156865
2024/03/04 23:16:33;4101740;6845000;62.530031772016144
2024/03/04 23:16:38;4101740;6845000;62.530031772016144
2024/03/04 23:16:43;4101488;6845252;62.53233382723989
2024/03/04 23:16:48;4101236;6845504;62.53463588246364
2024/03/04 23:16:53;4100480;6846260;62.54154204813488
2024/03/04 23:16:58;4089968;6856772;62.63757063746832
2024/03/04 23:17:03;4073724;6873016;62.78596184800224
2024/03/04 23:17:08;4074880;6871860;62.77540162642028
2024/03/04 23:17:13;4074376;6872364;62.78000573686778
2024/03/04 23:17:18;4081992;6864748;62.71043251232787
2024/03/04 23:17:23;4063612;6883128;62.87833638142497
2024/03/04 23:17:28;4061876;6884864;62.89419498407745
2024/03/04 23:17:33;4065428;6881312;62.86174696759035
2024/03/04 23:17:38;4060228;6886512;62.909249694429576
2024/03/04 23:17:43;4046020;6900720;63.03904176037798
2024/03/04 23:17:48;4046272;6900468;63.036739705154226
2024/03/04 23:17:53;4099132;6847608;62.55385621655397
2024/03/04 23:17:58;4136984;6809756;62.20807290572353
2024/03/04 23:18:03;4133024;6813716;62.24424805923955
2024/03/04 23:18:08;4131392;6815348;62.25915660735525
2024/03/04 23:18:14;4114684;6832056;62.41178652274559
2024/03/04 23:18:19;4118440;6828300;62.377474937744026
2024/03/04 23:18:24;4113140;6833600;62.425891178560924
2024/03/04 23:18:29;4098532;6848208;62.55933730042003
2024/03/04 23:18:34;4095604;6851136;62.58608498968643
2024/03/04 23:18:39;4089564;6857176;62.64126123393814
2024/03/04 23:18:44;4100968;6845772;62.53708409992381
2024/03/04 23:18:49;4103552;6843188;62.51347889874063
2024/03/04 23:18:54;4090156;6856584;62.63585323119029
2024/03/04 23:18:59;4113516;6833224;62.42245636600486
2024/03/04 23:19:04;4109564;6837176;62.45855843840267
2024/03/04 23:19:09;4102848;6843892;62.519910037143475
2024/03/04 23:19:14;4112848;6833892;62.428558639375744
2024/03/04 23:19:19;4100144;6846596;62.544611455099876
2024/03/04 23:19:24;4095108;6851632;62.590616019015705
2024/03/04 23:19:29;4086820;6859920;62.66632805748561
2024/03/04 23:19:34;4081720;6865020;62.712917270347155
2024/03/04 23:19:39;4084596;6862144;62.686644608349155
2024/03/04 23:19:44;4068540;6878200;62.83331841260503
2024/03/04 23:19:49;4063008;6883732;62.88385400585015
2024/03/04 23:19:54;4063880;6882860;62.875888163964795
2024/03/04 23:19:59;4120320;6826420;62.36030087496369
2024/03/04 23:20:05;4122084;6824656;62.34418648839746
2024/03/04 23:20:10;4130948;6815792;62.263212609416136
2024/03/04 23:20:15;4133500;6813240;62.23989973270581
2024/03/04 23:20:20;4135324;6811416;62.223237237752976
2024/03/04 23:20:25;4134760;6811980;62.228389456587074
2024/03/04 23:20:30;4140436;6806304;62.17653840321411
2024/03/04 23:20:36;4141068;6805672;62.170764994875185
2024/03/04 23:20:41;4136056;6810684;62.21655031543638
2024/03/04 23:20:46;4119800;6826940;62.36505114764761
2024/03/04 23:20:52;4120212;6826528;62.36128747005958
2024/03/04 23:20:57;4117692;6829048;62.38430802229705
2024/03/04 23:21:02;4143504;6803236;62.14851179437897
2024/03/04 23:21:07;4143756;6802984;62.14620973915522
2024/03/04 23:21:12;4139504;6807236;62.185052353486064
2024/03/04 23:21:17;4139756;6806984;62.18275029826231
2024/03/04 23:21:22;4143032;6803708;62.152823580353605
2024/03/04 23:21:27;4138244;6808496;62.1965626296048
2024/03/04 23:21:32;4138244;6808496;62.1965626296048
2024/03/04 23:21:38;4142488;6804252;62.15779309639217
2024/03/04 23:21:43;4145464;6801276;62.13060692041649
2024/03/04 23:21:48;4141940;6804800;62.16279915298984
2024/03/04 23:21:53;4142192;6804548;62.16049709776609
2024/03/04 23:21:58;4139672;6807068;62.183517650003566
2024/03/04 23:22:04;4142696;6804044;62.1558929873186
2024/03/04 23:22:09;4142448;6804292;62.15815850198324
2024/03/04 23:22:14;4142224;6804516;62.16020477329324
2024/03/04 23:22:19;4142476;6804264;62.15790271806949
2024/03/04 23:22:24;4142224;6804516;62.16020477329324
2024/03/04 23:22:30;4145460;6801280;62.1306434609756
2024/03/04 23:22:35;4144788;6801952;62.13678227490559
2024/03/04 23:22:40;4147336;6799404;62.11350593875437
2024/03/04 23:22:45;4143344;6803396;62.14997341674325
2024/03/04 23:22:50;4140948;6805792;62.1718612116484
2024/03/04 23:22:55;4139040;6807700;62.189291058342484
2024/03/04 23:23:00;4135540;6811200;62.22126404756119
2024/03/04 23:23:05;4137820;6808920;62.20043592887015
2024/03/04 23:23:10;4142476;6804264;62.15790271806949
2024/03/04 23:23:15;4139528;6807212;62.18483311013142
2024/03/04 23:23:21;4138024;6808716;62.19857236035568
2024/03/04 23:23:26;4137520;6809220;62.20317647080318
2024/03/04 23:23:31;4133488;6813252;62.24000935438313
2024/03/04 23:23:36;4136260;6810480;62.21468674692191
2024/03/04 23:23:41;4136008;6810732;62.216988802145664
2024/03/04 23:23:46;4136260;6810480;62.21468674692191
2024/03/04 23:23:51;4144984;6801756;62.13499178750934
2024/03/04 23:23:56;4144484;6802256;62.13955935739773
2024/03/04 23:24:01;4144484;6802256;62.13955935739773
2024/03/04 23:24:07;4144232;6802508;62.14186141262147
2024/03/04 23:24:12;4143252;6803488;62.15081384960271
2024/03/04 23:24:18;4142748;6803992;62.15541796005021
2024/03/04 23:24:23;4141992;6804748;62.16232412572145
2024/03/04 23:24:29;4144260;6802480;62.14160562870772
2024/03/04 23:24:34;4140732;6806008;62.17383440184018
2024/03/04 23:24:39;4144260;6802480;62.14160562870772
2024/03/04 23:24:44;4144260;6802480;62.14160562870772
2024/03/04 23:24:49;4143756;6802984;62.14620973915522
2024/03/04 23:24:54;4143256;6803484;62.150777309043605
2024/03/04 23:24:59;4143124;6803616;62.15198314749414
2024/03/04 23:25:05;4139728;6807012;62.183006082176064
2024/03/04 23:25:10;4143256;6803484;62.150777309043605
2024/03/04 23:25:15;4140012;6806728;62.18041170247946
2024/03/04 23:25:20;4145484;6801256;62.130424217620956
2024/03/04 23:25:25;4144796;6801944;62.136709193787375
2024/03/04 23:25:30;4144292;6802448;62.14131330423487
2024/03/04 23:25:36;4140488;6806252;62.176063375945716
2024/03/04 23:25:41;4138500;6808240;62.19422403382194
2024/03/04 23:25:46;4145012;6801728;62.13473600359559
2024/03/04 23:25:51;4139720;6807020;62.18307916329428
2024/03/04 23:25:57;4139220;6807520;62.18764673318267
2024/03/04 23:26:02;4135188;6811552;62.224479616762615
2024/03/04 23:26:07;4140144;6806596;62.17920586402892
2024/03/05 00:13:16;4151644;6795096;62.07415175659603
2024/03/05 00:13:21;3944676;7002064;63.96483336591533
2024/03/05 00:13:27;4029732;6917008;63.18783491706207
2024/03/05 00:13:32;4026204;6920536;63.22006369019452
2024/03/05 00:13:37;4032024;6914716;63.1668971766937
2024/03/05 00:13:42;4030108;6916632;63.184400104506
2024/03/05 00:13:47;4006888;6939852;63.39651805012269
2024/03/05 00:13:52;4012648;6934092;63.34389964500847
2024/03/05 00:13:57;4059708;6887032;62.9139999671135
2024/03/05 00:14:02;4060944;6885796;62.902708934349405
2024/03/05 00:14:07;4063108;6883632;62.88294049187247
2024/03/05 00:14:12;4062356;6884384;62.8898101169846
2024/03/05 00:14:17;4061600;6885140;62.89671628265584
2024/03/05 00:14:22;4064624;6882116;62.869091619970874
2024/03/05 00:14:27;4059360;6887380;62.91717899575581
2024/03/05 00:14:32;4061684;6885056;62.89594893091459
2024/03/05 00:14:37;4059700;6887040;62.914073048231714
2024/03/05 00:14:42;4052180;6894560;62.98276929935305
2024/03/05 00:14:47;4040952;6905788;63.085338648766665
2024/03/05 00:14:52;4041288;6905452;63.08226924180167
2024/03/05 00:14:57;4039916;6906824;63.0948026535754
2024/03/05 00:15:02;4039972;6906768;63.094291085747905
2024/03/05 00:15:07;4043252;6903488;63.06432782728009
2024/03/05 00:15:13;4043000;6903740;63.06662988250383
2024/03/05 00:15:18;4042272;6904468;63.07328026426132
2024/03/05 00:15:23;4041768;6904972;63.077884374708816
2024/03/05 00:15:28;4039280;6907460;63.10061260247343
2024/03/05 00:15:33;4035540;6911200;63.13477802523857
2024/03/05 00:15:38;4040916;6905824;63.085667513798626
2024/03/05 00:15:43;4035880;6910860;63.13167207771446
2024/03/05 00:15:48;4036472;6910268;63.12626407496661
2024/03/05 00:15:53;4035632;6911108;63.1339375923791
2024/03/05 00:15:58;4035632;6911108;63.1339375923791
2024/03/05 00:16:03;4026656;6920084;63.21593460701542
2024/03/05 00:16:08;4033208;6913532;63.156081171198004
2024/03/05 00:16:13;4028196;6918544;63.20186649175919
2024/03/05 00:16:18;4026000;6920740;63.22192725870899
2024/03/05 00:16:23;4026600;6920140;63.21644617484292
2024/03/05 00:16:28;4027668;6919072;63.20668984556133
2024/03/05 00:16:33;4018092;6928648;63.29416794406371
2024/03/05 00:16:38;4023504;6923236;63.244728567591814
2024/03/05 00:16:43;4021824;6924916;63.26007560241679
2024/03/05 00:16:48;4016432;6930308;63.30933227609316
2024/03/05 00:16:53;4018164;6928576;63.29351021399978
2024/03/05 00:16:58;4011492;6935248;63.35445986659042
2024/03/05 00:17:03;4016668;6930072;63.30717638310584
2024/03/05 00:17:08;4011628;6935112;63.35321748758078
2024/03/05 00:17:13;4016804;6929936;63.305934004096194
2024/03/05 00:17:18;4019948;6926792;63.27721312463802
2024/03/05 00:17:23;4015280;6931460;63.319855957116
2024/03/05 00:17:28;4014456;6932284;63.32738331229206
2024/03/05 00:17:33;3999872;6946868;63.46061019079653
2024/03/05 00:17:38;3929040;7017700;64.10767041146497
2024/03/05 00:17:43;3935996;7010744;64.04412637917773
2024/03/05 00:17:48;3933504;7013236;64.06689114750145
2024/03/05 00:17:54;3933000;7013740;64.07149525794894
2024/03/05 00:17:59;3932752;7013988;64.07376077261358
2024/03/05 00:18:04;4011696;6935044;63.35259629807596
2024/03/05 00:18:09;4000444;6946296;63.455384890844215
2024/03/05 00:18:14;3995656;6951084;63.49912394009541
2024/03/05 00:18:19;3999300;6947440;63.465835490748844
2024/03/05 00:18:24;3999104;6947636;63.467625978145094
2024/03/05 00:18:29;4003364;6943376;63.42871028269604
2024/03/05 00:18:34;3990828;6955912;63.54322839493767
2024/03/05 00:18:39;3957852;6988888;63.844468764216565
2024/03/05 00:18:44;3984868;6961872;63.597673828007245
2024/03/05 00:18:49;3961568;6985172;63.81052258480607
2024/03/05 00:18:54;3964844;6981896;63.78059586689736
2024/03/05 00:18:59;3964844;6981896;63.78059586689736
2024/03/05 00:19:04;3965348;6981392;63.77599175644986
2024/03/05 00:19:09;3965100;6981640;63.778257271114505
2024/03/05 00:19:14;3964624;6982116;63.78260559764825
2024/03/05 00:19:19;3965132;6981608;63.777964946641646
2024/03/05 00:19:24;3964856;6981884;63.78048624522004
2024/03/05 00:19:29;3963964;6982776;63.78863478990092
2024/03/05 00:19:34;3967536;6979204;63.75600407061828
2024/03/05 00:19:39;3967032;6979708;63.76060818106578
2024/03/05 00:19:44;3971076;6975664;63.723665675808505
2024/03/05 00:19:49;3970072;6976668;63.73283735614439
2024/03/05 00:19:54;3970024;6976716;63.73327584285367
2024/03/05 00:19:59;3969568;6977172;63.73744146659188
2024/03/05 00:20:04;3968560;6978180;63.746649687486865
2024/03/05 00:20:09;3968560;6978180;63.746649687486865
2024/03/05 00:20:14;3968060;6978680;63.75121725737525
2024/03/05 00:20:19;3973068;6973672;63.705468477373174
2024/03/05 00:20:24;3978048;6968692;63.65997548128484
2024/03/05 00:20:29;3982516;6964224;63.619159676762216
2024/03/05 00:20:34;3981760;6964980;63.626065842433455
2024/03/05 00:20:40;3979252;6967488;63.648976772993606
2024/03/05 00:20:45;3976004;6970736;63.67864770698856
2024/03/05 00:20:50;3994428;6952312;63.510341891741284
2024/03/05 00:20:55;3990912;6955828;63.542461043196425
2024/03/05 00:21:00;3989384;6957356;63.55641953677533
2024/03/05 00:21:05;3989840;6956900;63.55225391303712
2024/03/05 00:21:10;3993872;6952868;63.51542102945717
2024/03/05 00:21:15;3995640;6951100;63.499270102331835
2024/03/05 00:21:20;3994380;6952360;63.51078037845057
2024/03/05 00:21:25;3993624;6953116;63.51768654412181
2024/03/05 00:21:30;3993372;6953368;63.51998859934556
2024/03/05 00:21:35;3993124;6953616;63.522254114010195
2024/03/05 00:21:40;3992872;6953868;63.524556169233946
2024/03/05 00:21:45;3992872;6953868;63.524556169233946
2024/03/05 00:21:50;3998460;6948280;63.47350900816134
2024/03/05 00:21:55;3997664;6949076;63.480780579423644
2024/03/05 00:22:00;3997412;6949328;63.483082634647396
2024/03/05 00:22:05;3997160;6949580;63.48538468987114
2024/03/05 00:22:10;3996908;6949832;63.487686745094884
2024/03/05 00:22:15;3996408;6950332;63.49225431498327
2024/03/05 00:22:20;3996912;6949828;63.48765020453578
2024/03/05 00:22:25;3996660;6950080;63.48995225975953
2024/03/05 00:22:30;3996408;6950332;63.49225431498327
2024/03/05 00:22:35;3996912;6949828;63.48765020453578
2024/03/05 00:22:40;3996660;6950080;63.48995225975953
2024/03/05 00:22:45;3992628;6954112;63.52678514333948
2024/03/05 00:22:50;3992880;6953860;63.52448308811573
2024/03/05 00:22:55;3995832;6950908;63.497516155494694
2024/03/05 00:23:00;3997532;6949208;63.48198641787418
2024/03/05 00:23:05;3997040;6949700;63.48648090664435
2024/03/05 00:23:10;3996536;6950204;63.49108501709185
2024/03/05 00:23:15;3996536;6950204;63.49108501709185
2024/03/05 00:23:20;3970524;6976216;63.728708272965285
2024/03/05 00:23:25;3973296;6973444;63.703385665504065
2024/03/05 00:23:30;3982568;6964172;63.61868464949382
2024/03/05 00:23:35;3980300;6966440;63.63940314650755
2024/03/05 00:23:40;3980808;6965932;63.634762495500944
2024/03/05 00:23:45;3978820;6967920;63.652923153377166
2024/03/05 00:23:50;3978568;6968172;63.65522520860092
2024/03/05 00:23:55;3979076;6967664;63.650584557594314
2024/03/05 00:24:00;3977632;6969108;63.66377569943198
2024/03/05 00:24:05;3975644;6971096;63.6819363573082
2024/03/05 00:24:11;3976352;6970388;63.67546867834625
2024/03/05 00:24:16;3976152;6970588;63.6772957063016
2024/03/05 00:24:21;3973884;6972856;63.698014203315324
2024/03/05 00:24:26;3974136;6972604;63.69571214809158
2024/03/05 00:24:31;3970608;6976132;63.72794092122403
2024/03/05 00:24:36;3977868;6968872;63.661619806444655
2024/03/05 00:24:41;4118132;6828608;62.38028856079527
2024/03/05 00:24:46;4127040;6819700;62.29891273566377
2024/03/05 00:24:51;4126788;6819952;62.301214790887514
2024/03/05 00:24:56;4126540;6820200;62.303480305552156
2024/03/05 00:25:01;4130068;6816672;62.2712515324197
2024/03/05 00:25:06;4130572;6816168;62.2666474219722
2024/03/05 00:25:11;4130068;6816672;62.2712515324197
2024/03/05 00:25:16;4129092;6817648;62.28016742884183
2024/03/05 00:25:21;4128840;6817900;62.28246948406557
2024/03/05 00:25:26;4128588;6818152;62.28477153928932
2024/03/05 00:25:31;4129092;6817648;62.28016742884183
2024/03/05 00:25:36;4126824;6819916;62.30088592585555
2024/03/05 00:25:41;4127328;6819412;62.29628181540806
2024/03/05 00:25:46;4132324;6814416;62.2506426570833
2024/03/05 00:25:51;4132072;6814668;62.25294471230704
2024/03/05 00:25:56;4127792;6818948;62.29204311055163
2024/03/05 00:26:01;4127288;6819452;62.29664722099913
2024/03/05 00:26:06;4126028;6820712;62.30815749711786
2024/03/05 00:26:11;4123760;6822980;62.328875994131586
2024/03/05 00:26:16;4126532;6820208;62.303553386670366
2024/03/05 00:26:22;4130476;6816264;62.26752439539077
2024/03/05 00:26:27;4127452;6819288;62.29514905807574
2024/03/05 00:26:32;4129192;6817548;62.27925391486415
2024/03/05 00:26:37;4133696;6813044;62.23810924530956
2024/03/05 00:26:42;4132940;6813800;62.245015410980805
2024/03/05 00:26:47;4131936;6814804;62.25418709131669
2024/03/05 00:26:52;4131192;6815548;62.2609836353106
2024/03/05 00:26:57;4128672;6818068;62.28400418754807
2024/03/05 00:27:02;4128952;6817788;62.281446348410576
2024/03/05 00:27:07;4126684;6820056;62.3021648454243
2024/03/05 00:27:12;4116352;6830388;62.39654910959793
2024/03/05 00:27:17;4115880;6830860;62.40086089557256
2024/03/05 00:27:22;4112040;6834700;62.43593983231538
2024/03/05 00:27:27;4110456;6836284;62.45040989372178
2024/03/05 00:27:32;4113984;6832756;62.418181120589324
2024/03/05 00:27:37;4113460;6833280;62.42296793383235
2024/03/05 00:27:42;4117688;6829052;62.38434456285616
2024/03/05 00:27:47;4116428;6830312;62.39585483897489
2024/03/05 00:27:52;4117940;6828800;62.38204250763241
2024/03/05 00:27:57;4113656;6833084;62.42117744643611
2024/03/05 00:28:02;4083668;6863072;62.695122018062
2024/03/05 00:28:07;4082664;6864076;62.704293698397876
2024/03/05 00:28:12;4081656;6865084;62.71350191929287
2024/03/05 00:28:17;4078860;6867880;62.73904377010873
2024/03/05 00:28:22;4077856;6868884;62.748215450444604
2024/03/05 00:28:27;4076880;6869860;62.757131346866736
2024/03/05 00:28:32;4076628;6870112;62.75943340209049
2024/03/05 00:28:37;4076184;6870556;62.76348940415137
2024/03/05 00:28:42;4056180;6890560;62.94622874024596
2024/03/05 00:28:48;4047304;6899436;63.0273122409046
2024/03/05 00:28:53;4046296;6900444;63.03652046179958
2024/03/05 00:28:58;4045792;6900948;63.04112457224708
2024/03/05 00:29:03;4046048;6900692;63.038785976464226
2024/03/05 00:29:08;4043332;6903408;63.063597016097944
2024/03/05 00:29:13;4042100;6904640;63.07485150830293
2024/03/05 00:29:18;4047968;6898772;63.02124650809282
2024/03/05 00:29:23;4042344;6904396;63.07262253419739
2024/03/05 00:29:28;4041616;6905124;63.07927291595489
2024/03/05 00:29:33;4034032;6912708;63.14855381602194
2024/03/05 00:29:38;4041140;6905600;63.08362124248863
2024/03/05 00:29:43;4037132;6909608;63.12023488271394
2024/03/05 00:29:48;4035512;6911228;63.13503380915231
2024/03/05 00:29:53;4036016;6910724;63.13042969870482
2024/03/05 00:29:58;4036296;6910444;63.12787185956732
2024/03/05 00:30:03;4036548;6910192;63.12556980434358
2024/03/05 00:30:08;4035848;6910892;63.131964402187315
2024/03/05 00:30:13;4045244;6901496;63.04613062884475
2024/03/05 00:30:18;4045248;6901492;63.04609408828564
2024/03/05 00:30:23;4036332;6910408;63.12754299453536
2024/03/05 00:30:28;4035352;6911388;63.1364954315166
2024/03/05 00:30:33;4034848;6911892;63.14109954196409
2024/03/05 00:30:38;4036208;6910532;63.12867575186768
2024/03/05 00:30:43;4033196;6913544;63.15619079287532
2024/03/05 00:30:48;4033724;6913016;63.151367439073184
2024/03/05 00:30:53;4037032;6909708;63.121148396691616
2024/03/05 00:30:58;4037036;6909704;63.12111185613251
2024/03/05 00:31:03;4033396;6913344;63.154363764919964
2024/03/05 00:31:08;4025652;6921088;63.2251062873513
2024/03/05 00:31:13;4019912;6926828;63.277541989669984
2024/03/05 00:31:18;4010840;6935900;63.36041597772488
2024/03/05 00:31:23;4009356;6937384;63.373972525153604
2024/03/05 00:31:28;4009608;6937132;63.37167046992986
2024/03/05 00:31:33;4009368;6937372;63.37386290347629
2024/03/05 00:31:38;4010124;6936616;63.36695673780505
2024/03/05 00:31:43;4007100;6939640;63.39458140049001
2024/03/05 00:31:48;4006596;6940144;63.3991855109375
2024/03/05 00:31:53;4005084;6941656;63.412997842279985
2024/03/05 00:31:58;4004832;6941908;63.41529989750373
2024/03/05 00:32:03;4005012;6941728;63.41365557234391
2024/03/05 00:32:08;4004356;6942384;63.41964822403747
2024/03/05 00:32:13;4010356;6936384;63.36483738537683
2024/03/05 00:32:18;4009096;6937644;63.37634766149557
2024/03/05 00:32:23;4008592;6938148;63.38095177194306
2024/03/05 00:32:28;4008088;6938652;63.385555882390555
2024/03/05 00:32:33;4076444;6870296;62.76111426780941
2024/03/05 00:32:38;4076444;6870296;62.76111426780941
2024/03/05 00:32:43;4082148;6864592;62.709007430522696
2024/03/05 00:32:48;4076744;6869996;62.75837372587638
2024/03/05 00:32:54;4075488;6871252;62.76984746143601
2024/03/05 00:32:59;4080452;6866288;62.7245006275841
2024/03/05 00:33:04;4080452;6866288;62.7245006275841
2024/03/05 00:33:09;4067856;6878884;62.83956684821234
2024/03/05 00:33:14;4067104;6879636;62.84643647332448
2024/03/05 00:33:19;4417140;6529600;59.64880868642171
2024/03/05 00:33:24;4498612;6448128;58.9045505785284
2024/03/05 00:33:29;5657880;5288860;48.31447535978748
2024/03/05 00:33:34;5827324;5119416;46.76658073545183
2024/03/05 00:33:39;5750344;5196396;47.469803795467875
2024/03/05 00:33:44;5660124;5286616;48.2939761061284
2024/03/05 00:33:49;5479716;5467024;49.9420284029766
2024/03/05 00:33:54;5410188;5536552;50.577176401376114
2024/03/05 00:33:59;5404320;5542420;50.630781401586226
2024/03/05 00:34:04;5833404;5113336;46.71103908560905
2024/03/05 00:34:09;5783060;5163680;47.17093856253094
2024/03/05 00:34:15;5758208;5188532;47.397965056263324
2024/03/05 00:34:20;5757480;5189260;47.40461543802082
2024/03/05 00:34:25;5756980;5189760;47.409183007909206
2024/03/05 00:34:30;5756980;5189760;47.409183007909206
2024/03/05 00:34:35;5756728;5190012;47.41148506313295
2024/03/05 00:34:40;5764540;5182200;47.34012135119679
2024/03/05 00:34:45;5764288;5182452;47.342423406420544
2024/03/05 00:34:50;5764036;5182704;47.34472546164429
2024/03/05 00:34:55;5763784;5182956;47.34702751686804
2024/03/05 00:35:00;5763280;5183460;47.35163162731553
2024/03/05 00:35:05;5762780;5183960;47.356199197203914
2024/03/05 00:35:10;5762024;5184716;47.36310536287516
2024/03/05 00:35:15;5761520;5185220;47.36770947332265
2024/03/05 00:35:20;5761016;5185724;47.37231358377014
2024/03/05 00:35:25;5760512;5186228;47.37691769421764
2024/03/05 00:35:30;5760008;5186732;47.381521804665134
2024/03/05 00:35:35;5759756;5186984;47.38382385988888
2024/03/05 00:35:40;5759508;5187232;47.38608937455352
2024/03/05 00:35:45;5764004;5182736;47.34501778611715
2024/03/05 00:35:50;5763500;5183240;47.34962189656464
2024/03/05 00:35:55;5762996;5183744;47.35422600701213
2024/03/05 00:36:00;5762492;5184248;47.358830117459625
2024/03/05 00:36:05;5761988;5184752;47.36343422790712
2024/03/05 00:36:10;5761736;5185004;47.36573628313087
2024/03/05 00:36:15;5760980;5185760;47.37264244880211
2024/03/05 00:36:20;5760480;5186260;47.3772100186905
2024/03/05 00:36:25;5759724;5187016;47.38411618436174
2024/03/05 00:36:30;5758968;5187772;47.391022350032976
2024/03/05 00:36:35;5758464;5188276;47.39562646048047
2024/03/05 00:36:40;5758212;5188528;47.397928515704216
2024/03/05 00:36:45;5757456;5189284;47.40483468137546
2024/03/05 00:36:50;5761920;5184820;47.36405541741194
2024/03/05 00:36:55;5760916;5185824;47.37322709774782
2024/03/05 00:37:00;5760664;5186076;47.375529152971566
2024/03/05 00:37:05;5760416;5186324;47.37779466763621
2024/03/05 00:37:10;5759912;5186828;47.382398778083704
2024/03/05 00:37:15;5759660;5187080;47.38470083330745
2024/03/05 00:37:20;5759156;5187584;47.389304943754944
2024/03/05 00:37:25;5758400;5188340;47.39621110942618
2024/03/05 00:37:30;5757392;5189348;47.40541933032117
2024/03/05 00:37:35;5756384;5190356;47.414627551216164
2024/03/05 00:37:40;5755880;5190860;47.41923166166365
2024/03/05 00:37:45;5760356;5186384;47.37834277602282
2024/03/05 00:37:50;5759348;5187392;47.3875509969178
2024/03/05 00:37:55;5758592;5188148;47.39445716258904
2024/03/05 00:38:00;5757584;5189156;47.40366538348403
2024/03/05 00:38:05;5757080;5189660;47.40826949393153
2024/03/05 00:38:10;5756576;5190164;47.41287360437902
2024/03/05 00:38:15;5756072;5190668;47.41747771482652
2024/03/05 00:38:20;5755316;5191424;47.42438388049776
2024/03/05 00:38:25;5759328;5187412;47.38773369971334
2024/03/05 00:38:30;5758320;5188420;47.39694192060833
2024/03/05 00:38:35;5757564;5189176;47.40384808627957
2024/03/05 00:38:40;5757060;5189680;47.40845219672706
2024/03/05 00:38:45;5756556;5190184;47.41305630717456
2024/03/05 00:38:50;5786372;5160368;47.140682979590274
2024/03/05 00:38:55;5786144;5160596;47.142765791459375
2024/03/05 00:39:00;5785640;5161100;47.14736990190687
2024/03/05 00:39:05;5784636;5162104;47.15654158224275
2024/03/05 00:39:10;5784384;5162356;47.1588436374665
2024/03/05 00:39:15;5783880;5162860;47.16344774791399
2024/03/05 00:39:20;5783376;5163364;47.16805185836149
2024/03/05 00:39:26;5782872;5163868;47.17265596880898
2024/03/05 00:39:31;5782368;5164372;47.17726007925647
2024/03/05 00:39:36;5781612;5165128;47.18416624492772
2024/03/05 00:39:41;5780860;5165880;47.19103587003985
2024/03/05 00:39:46;5780356;5166384;47.19563998048734
2024/03/05 00:39:51;5785104;5161636;47.15226633682722
2024/03/05 00:39:56;5784096;5162644;47.16147455772221
2024/03/05 00:40:01;5783340;5163400;47.16838072339345
2024/03/05 00:40:06;5782584;5164156;47.17528688906469
2024/03/05 00:40:11;5782080;5164660;47.17989099951218
2024/03/05 00:40:16;5781072;5165668;47.18909922040717
2024/03/05 00:40:21;5780568;5166172;47.19370333085467
2024/03/05 00:40:26;5779812;5166928;47.20060949652591
2024/03/05 00:40:31;5784272;5162468;47.15986677312149
2024/03/05 00:40:36;5783012;5163728;47.17137704924023
2024/03/05 00:40:41;5782256;5164484;47.178283214911474
2024/03/05 00:40:46;5781500;5165240;47.18518938058271
2024/03/05 00:40:51;5785960;5160780;47.1444466571783
2024/03/05 00:40:56;5785456;5161284;47.149050767625795
2024/03/05 00:41:01;5784700;5162040;47.155956933297034
2024/03/05 00:41:06;5783944;5162796;47.16286309896828
2024/03/05 00:41:11;5783440;5163300;47.16746720941577
2024/03/05 00:41:16;5788648;5158092;47.11989140145833
2024/03/05 00:41:21;5788148;5158592;47.12445897134672
2024/03/05 00:41:26;5792620;5154120;47.08360662626499
2024/03/05 00:41:31;5792620;5154120;47.08360662626499
2024/03/05 00:41:36;5792872;5153868;47.081304571041244
2024/03/05 00:41:41;5792368;5154372;47.08590868148873
2024/03/05 00:41:46;5791360;5155380;47.09511690238372
2024/03/05 00:41:51;5790352;5156388;47.10432512327871
2024/03/05 00:41:56;5794504;5152236;47.066396022925545
2024/03/05 00:42:01;5793748;5152992;47.073302188596784
2024/03/05 00:42:06;5792744;5153996;47.08247386893267
2024/03/05 00:42:11;5791736;5155004;47.09168208982766
2024/03/05 00:42:16;5791232;5155508;47.09628620027515
2024/03/05 00:42:21;5790476;5156264;47.10319236594639
2024/03/05 00:42:26;5789972;5156768;47.10779647639389
2024/03/05 00:42:31;5789216;5157524;47.114702642065126
2024/03/05 00:42:36;5788460;5158280;47.121608807736365
2024/03/05 00:42:41;5787456;5159284;47.13078048807225
2024/03/05 00:42:46;5786448;5160292;47.13998870896724
2024/03/05 00:42:51;5785692;5161048;47.14689487463848
2024/03/05 00:42:56;5784936;5161804;47.153801040309716
2024/03/05 00:43:01;5784180;5162560;47.160707205980955
2024/03/05 00:43:06;5788636;5158104;47.12000102313566
2024/03/05 00:43:11;5788132;5158608;47.12460513358315
2024/03/05 00:43:16;5787124;5159616;47.133813354478136
2024/03/05 00:43:21;5785616;5161124;47.14758914526151
2024/03/05 00:43:26;5784608;5162132;47.156797366156496
2024/03/05 00:43:31;5782100;5164640;47.17970829671665
2024/03/05 00:43:36;5736004;5210736;47.60080169986681
2024/03/05 00:43:41;5734312;5212428;47.61625835636911
2024/03/05 00:43:46;5752044;5194696;47.45427405784736
2024/03/05 00:43:51;5752132;5194608;47.453470165547
2024/03/05 00:43:56;5767552;5179188;47.31260631018915
2024/03/05 00:44:01;5766548;5180192;47.321777990525035
2024/03/05 00:44:06;5765796;5180944;47.328647615637166
2024/03/05 00:44:11;5765040;5181700;47.335553781308406
2024/03/05 00:44:16;5770008;5176732;47.290170406897396
2024/03/05 00:44:21;5769252;5177488;47.297076572568635
2024/03/05 00:44:26;5769000;5177740;47.299378627792386
2024/03/05 00:44:31;5768748;5177992;47.30168068301613
2024/03/05 00:44:36;5768748;5177992;47.30168068301613
2024/03/05 00:44:41;5768748;5177992;47.30168068301613
2024/03/05 00:44:46;5768496;5178244;47.30398273823988
2024/03/05 00:44:51;5768244;5178496;47.306284793463625
2024/03/05 00:44:57;5767740;5179000;47.31088890391112
2024/03/05 00:45:02;5766984;5179756;47.31779506958236
2024/03/05 00:45:07;5766228;5180512;47.3247012352536
2024/03/05 00:45:12;5765476;5181264;47.33157086036574
2024/03/05 00:45:17;5765224;5181516;47.33387291558948
2024/03/05 00:45:22;5764952;5181788;47.33635767360877
2024/03/05 00:45:27;5763968;5182772;47.34534665114911
2024/03/05 00:45:32;5768224;5178516;47.30646749625916
2024/03/05 00:45:37;5766964;5179776;47.317977772377894
2024/03/05 00:45:42;5766208;5180532;47.32488393804913
2024/03/05 00:45:47;5765704;5181036;47.32948804849663
2024/03/05 00:45:52;5764448;5182292;47.340961784056255
2024/03/05 00:45:57;5763692;5183048;47.3478679497275
2024/03/05 00:46:02;5762936;5183804;47.35477411539874
2024/03/05 00:46:07;5762180;5184560;47.36168028106998
2024/03/05 00:46:12;5761676;5185064;47.366284391517475
2024/03/05 00:46:17;5760416;5186324;47.37779466763621
2024/03/05 00:46:22;5759912;5186828;47.382398778083704
2024/03/05 00:46:27;5759408;5187332;47.3870028885312
2024/03/05 00:46:32;5758404;5188336;47.39617456886708
2024/03/05 00:46:37;5757396;5189344;47.405382789762065
2024/03/05 00:46:42;5756892;5189848;47.40998690020956
2024/03/05 00:46:47;5756640;5190100;47.412288955433304
2024/03/05 00:46:52;5756136;5190604;47.4168930658808
2024/03/05 00:46:57;5756136;5190604;47.4168930658808
2024/03/05 00:47:02;5756136;5190604;47.4168930658808
2024/03/05 00:47:07;5755632;5191108;47.421497176328295
2024/03/05 00:47:12;5755380;5191360;47.42379923155204
2024/03/05 00:47:17;5754876;5191864;47.428403341999534
2024/03/05 00:47:22;5753620;5193120;47.43987707755917
2024/03/05 00:47:27;5752864;5193876;47.446783243230406
2024/03/05 00:47:32;5752612;5194128;47.44908529845415
2024/03/05 00:47:37;5751604;5195136;47.45829351934914
2024/03/05 00:47:42;5756080;5190660;47.4174046337083
2024/03/05 00:47:47;5755324;5191416;47.42431079937954
2024/03/05 00:47:52;5754820;5191920;47.428914909827036
2024/03/05 00:47:57;5754064;5192676;47.435821075498275
2024/03/05 00:48:02;5763804;5182936;47.3468448140725
2024/03/05 00:48:07;5762800;5183940;47.35601649440838
2024/03/05 00:48:12;5762044;5184696;47.36292266007962
2024/03/05 00:48:17;5761792;5184948;47.36522471530337
2024/03/05 00:48:22;5761036;5185704;47.37213088097461
2024/03/05 00:48:27;5760028;5186712;47.3813391018696
2024/03/05 00:48:32;5759020;5187720;47.39054732276458
2024/03/05 00:48:37;5758016;5188724;47.399719003100465
2024/03/05 00:48:42;5757512;5189228;47.40432311354796
2024/03/05 00:48:47;5757008;5189732;47.408927223995455
2024/03/05 00:48:52;5756756;5189984;47.4112292792192
2024/03/05 00:48:57;5756000;5190740;47.418135444890446
2024/03/05 00:49:02;5755244;5191496;47.425041610561685
2024/03/05 00:49:07;5754488;5192252;47.431947776232924
2024/03/05 00:49:12;5754236;5192504;47.43424983145667
2024/03/05 00:49:17;5752980;5193760;47.4457235670163
2024/03/05 00:49:22;5752224;5194516;47.45262973268754
2024/03/05 00:49:27;5751972;5194768;47.454931787911285
2024/03/05 00:49:32;5750964;5195776;47.464140008806275
2024/03/05 00:49:37;5750208;5196532;47.471046174477515
2024/03/05 00:49:42;5748948;5197792;47.48255645059625
2024/03/05 00:49:47;5748444;5198296;47.487160561043744
2024/03/05 00:49:52;5748948;5197792;47.48255645059625
2024/03/05 00:49:57;5748196;5198544;47.48942607570839
2024/03/05 00:50:02;5747944;5198796;47.49172813093213
2024/03/05 00:50:07;5747692;5199048;47.494030186155875
2024/03/05 00:50:12;5747188;5199552;47.49863429660337
2024/03/05 00:50:17;5746936;5199804;47.50093635182712
2024/03/05 00:50:22;5747188;5199552;47.49863429660337
2024/03/05 00:50:27;5746432;5200308;47.50554046227462
2024/03/05 00:50:32;5751140;5195600;47.46253222420556
2024/03/05 00:50:37;5755600;5191140;47.421789500801154
2024/03/05 00:50:42;5754616;5192124;47.430778478341495
2024/03/05 00:50:47;5758340;5188400;47.39675921781279
2024/03/05 00:50:52;5757836;5188904;47.40136332826029
2024/03/05 00:50:57;5757584;5189156;47.40366538348403
2024/03/05 00:51:02;5762560;5184180;47.358208927954806
2024/03/05 00:51:07;5762560;5184180;47.358208927954806
2024/03/05 00:51:12;5761556;5185184;47.36738060829069
2024/03/05 00:51:18;5761052;5185688;47.37198471873818
2024/03/05 00:51:23;5760296;5186444;47.37889088440942
2024/03/05 00:51:28;5759792;5186948;47.38349499485692
2024/03/05 00:51:33;5759288;5187452;47.38809910530441
2024/03/05 00:51:38;5758280;5188460;47.397307326199396
2024/03/05 00:51:43;5762272;5184468;47.36083984821052
2024/03/05 00:51:48;5761516;5185224;47.36774601388176
2024/03/05 00:51:53;5760008;5186732;47.381521804665134
2024/03/05 00:51:58;5759252;5187488;47.38842797033637
2024/03/05 00:52:03;5757992;5188748;47.39993824645511
2024/03/05 00:52:08;5757236;5189504;47.40684441212635
2024/03/05 00:52:13;5756228;5190512;47.41605263302134
2024/03/05 00:52:18;5755472;5191268;47.42295879869258
2024/03/05 00:52:23;5754464;5192276;47.43216701958757
2024/03/05 00:52:28;5753456;5193284;47.44137524048256
2024/03/05 00:52:33;5752704;5194036;47.44824486559469
2024/03/05 00:52:38;5751696;5195044;47.45745308648968
2024/03/05 00:52:43;5750940;5195800;47.46435925216092
2024/03/05 00:52:48;5750184;5196556;47.47126541783216
2024/03/05 00:52:53;5763948;5182792;47.34552935394464
2024/03/05 00:52:58;5763444;5183296;47.35013346439214
2024/03/05 00:53:03;5762184;5184556;47.36164374051087
2024/03/05 00:53:08;5761404;5185336;47.36876914953676
2024/03/05 00:53:13;5760928;5185812;47.373117476070504
2024/03/05 00:53:18;5760176;5186564;47.379987101182635
2024/03/05 00:53:23;5760176;5186564;47.379987101182635
2024/03/05 00:53:28;5764908;5181832;47.33675961975894
2024/03/05 00:53:33;5764156;5182584;47.343629244871074
2024/03/05 00:53:38;5768744;5177996;47.30171722357524
2024/03/05 00:53:43;5768492;5178248;47.30401927879898
2024/03/05 00:53:48;5768492;5178248;47.30401927879898
2024/03/05 00:53:53;5773508;5173232;47.25819741767869
2024/03/05 00:53:58;5773004;5173736;47.26280152812618
2024/03/05 00:54:03;5778952;5167788;47.20846571673393
2024/03/05 00:54:08;5778472;5168268;47.212850583826786
2024/03/05 00:54:13;5776976;5169764;47.22651675293284
2024/03/05 00:54:18;5731060;5215680;47.64596583092318
2024/03/05 00:54:23;5731312;5215428;47.64366377569943
2024/03/05 00:54:28;5759668;5187072;47.38462775218924
2024/03/05 00:54:33;5734260;5212480;47.6167333836375
2024/03/05 00:54:38;5733000;5213740;47.62824365975624
2024/03/05 00:54:43;5728216;5218524;47.67194616844832
2024/03/05 00:54:48;5727964;5218776;47.67424822367207
2024/03/05 00:54:53;5733180;5213560;47.62659933459642
2024/03/05 00:54:58;5732424;5214316;47.63350550026766
2024/03/05 00:55:03;5732172;5214568;47.635807555491404
2024/03/05 00:55:08;5731668;5215072;47.6404116659389
2024/03/05 00:55:13;5731416;5215324;47.64271372116265
2024/03/05 00:55:18;5711268;5235472;47.826768517385084
2024/03/05 00:55:23;5728308;5218432;47.67110573558886
2024/03/05 00:55:28;5727804;5218936;47.675709846036355
2024/03/05 00:55:33;5727300;5219440;47.68031395648385
2024/03/05 00:55:38;5726544;5220196;47.68722012215509
2024/03/05 00:55:43;5726292;5220448;47.689522177378834
2024/03/05 00:55:48;5725032;5221708;47.70103245349757
2024/03/05 00:55:53;5724528;5222212;47.70563656394506
2024/03/05 00:55:58;5728980;5217760;47.664966921658866
2024/03/05 00:56:03;5727972;5218768;47.67417514255386
2024/03/05 00:56:08;5727468;5219272;47.67877925300135
2024/03/05 00:56:13;5726460;5220280;47.687987473896335
2024/03/05 00:56:18;5725704;5221036;47.69489363956758
2024/03/05 00:56:23;5724700;5222040;47.70406531990346
2024/03/05 00:56:28;5723944;5222796;47.7109714855747
2024/03/05 00:56:33;5723444;5223296;47.71553905546309
2024/03/05 00:56:38;5722940;5223800;47.720143165910585
2024/03/05 00:56:43;5722184;5224556;47.727049331581824
2024/03/05 00:56:48;5721680;5225060;47.73165344202932
2024/03/05 00:56:54;5721176;5225564;47.73625755247681
2024/03/05 00:56:59;5720672;5226068;47.7408616629243
2024/03/05 00:57:04;5720168;5226572;47.7454657733718
2024/03/05 00:57:09;5719412;5227328;47.75237193904304
2024/03/05 00:57:14;5718912;5227828;47.756939508931424
2024/03/05 00:57:19;5718408;5228332;47.76154361937892
2024/03/05 00:57:24;5717904;5228836;47.766147729826415
2024/03/05 00:57:29;5717400;5229340;47.77075184027391
2024/03/05 00:57:34;5716644;5230096;47.77765800594515
2024/03/05 00:57:39;5716392;5230348;47.77996006116889
2024/03/05 00:57:44;5716644;5230096;47.77765800594515
2024/03/05 00:57:49;5721184;5225556;47.7361844713586
2024/03/05 00:57:54;5720180;5226560;47.74535615169448
2024/03/05 00:57:59;5719424;5227316;47.75226231736572
2024/03/05 00:58:04;5718920;5227820;47.756866427813215
2024/03/05 00:58:09;5718416;5228324;47.7614705382607
2024/03/05 00:58:14;5717408;5229332;47.77067875915569
2024/03/05 00:58:19;5716904;5229836;47.77528286960319
2024/03/05 00:58:24;5716396;5230344;47.77992352060979
2024/03/05 00:58:29;5715676;5231064;47.786500821249064
2024/03/05 00:58:34;5715400;5231340;47.78902211982746
2024/03/05 00:58:39;5719940;5226800;47.7475485852409
2024/03/05 00:58:44;5719184;5227556;47.754454750912146
2024/03/05 00:58:49;5723132;5223608;47.718389219073444
2024/03/05 00:58:54;5722124;5224616;47.72759743996843
2024/03/05 00:58:59;5721368;5225372;47.73450360563967
2024/03/05 00:59:04;5720360;5226380;47.74371182653466
2024/03/05 00:59:09;5725084;5221656;47.70055742622918
2024/03/05 00:59:14;5724076;5222664;47.709765647124165
2024/03/05 00:59:19;5723572;5223168;47.71436975757166
2024/03/05 00:59:24;5723572;5223168;47.71436975757166
2024/03/05 00:59:29;5723320;5223420;47.716671812795404
2024/03/05 00:59:34;5722816;5223924;47.7212759232429
2024/03/05 00:59:39;5722060;5224680;47.728182088914146
2024/03/05 00:59:44;5721052;5225688;47.73739030980913
2024/03/05 00:59:49;5720300;5226440;47.74425993492127
2024/03/05 00:59:54;5719796;5226944;47.748864045368755
2024/03/05 00:59:59;5719040;5227700;47.75577021104
2024/03/05 01:00:04;5718284;5228456;47.76267637671124
2024/03/05 01:00:09;5723256;5223484;47.71725646174112
2024/03/05 01:00:14;5706876;5239864;47.86689005128468
2024/03/05 01:00:19;5705868;5240872;47.87609827217966
2024/03/05 01:00:24;5704104;5242636;47.89221265874589
2024/03/05 01:00:29;5703352;5243388;47.89908228385803
2024/03/05 01:00:34;5703100;5243640;47.90138433908177
2024/03/05 01:00:39;5726360;5220380;47.688900987874014
2024/03/05 01:00:44;5725856;5220884;47.69350509832151
2024/03/05 01:00:49;5730064;5216676;47.65506443014085
2024/03/05 01:00:54;5729560;5217180;47.65966854058834
2024/03/05 01:00:59;5729056;5217684;47.66427265103583
2024/03/05 01:01:04;5728300;5218440;47.67117881670708
2024/03/05 01:01:09;5727296;5219444;47.68035049704296
2024/03/05 01:01:14;5726792;5219948;47.68495460749045
2024/03/05 01:01:19;5726036;5220704;47.69186077316169
2024/03/05 01:01:24;5725784;5220956;47.69416282838544
2024/03/05 01:01:29;5725028;5221712;47.701068994056676
2024/03/05 01:01:34;5724524;5222216;47.70567310450417
2024/03/05 01:01:39;5723768;5222972;47.71257927017541
2024/03/05 01:01:44;5723268;5223472;47.7171468400638
2024/03/05 01:01:49;5723016;5223724;47.71944889528755
2024/03/05 01:01:54;5722260;5224480;47.72635506095879
2024/03/05 01:01:59;5721252;5225488;47.73556328185378
2024/03/05 01:02:05;5721000;5225740;47.73786533707752
2024/03/05 01:02:10;5720244;5226496;47.74477150274876
2024/03/05 01:02:15;5724708;5222032;47.70399223878525
2024/03/05 01:02:20;5723448;5223292;47.71550251490398
2024/03/05 01:02:25;5722192;5224548;47.72697625046361
2024/03/05 01:02:30;5721436;5225304;47.73388241613485
2024/03/05 01:02:35;5721436;5225304;47.73388241613485
2024/03/05 01:02:40;5721436;5225304;47.73388241613485
2024/03/05 01:02:45;5721436;5225304;47.73388241613485
2024/03/05 01:02:50;5720680;5226060;47.74078858180609
2024/03/05 01:02:55;5719924;5226816;47.74769474747733
2024/03/05 01:03:00;5718920;5227820;47.756866427813215
2024/03/05 01:03:05;5718416;5228324;47.7614705382607
2024/03/05 01:03:10;5717912;5228828;47.7660746487082
2024/03/05 01:03:15;5717156;5229584;47.772980814379444
2024/03/05 01:03:20;5716904;5229836;47.77528286960319
2024/03/05 01:03:25;5716400;5230340;47.779886980050684
2024/03/05 01:03:30;5715392;5231348;47.78909520094567
2024/03/05 01:03:35;5714892;5231848;47.793662770834054
2024/03/05 01:03:40;5719424;5227316;47.75226231736572
2024/03/05 01:03:45;5718668;5228072;47.75916848303696
2024/03/05 01:03:50;5717660;5229080;47.76837670393195
2024/03/05 01:03:55;5723108;5223632;47.71860846242809
2024/03/05 01:04:00;5721720;5225020;47.731288036438244
2024/03/05 01:04:05;5720964;5225776;47.73819420210948
2024/03/05 01:04:10;5724916;5221824;47.70209212971168
2024/03/05 01:04:15;5723912;5222828;47.711263810047555
2024/03/05 01:04:20;5723156;5223584;47.7181699757188
2024/03/05 01:04:25;5721896;5224844;47.729680251837536
2024/03/05 01:04:30;5721140;5225600;47.736586417508775
2024/03/05 01:04:35;5699000;5247740;47.93883841216655
2024/03/05 01:04:40;5721332;5225408;47.734832470671634
2024/03/05 01:04:45;5721332;5225408;47.734832470671634
2024/03/05 01:04:50;5721084;5225656;47.73709798533628
2024/03/05 01:04:55;5721088;5225652;47.73706144477717
2024/03/05 01:05:00;5720836;5225904;47.73936350000091
2024/03/05 01:05:05;5720340;5226400;47.74389452933019
2024/03/05 01:05:10;5725324;5221416;47.698364992682755
2024/03/05 01:05:15;5724820;5221920;47.70296910313025
2024/03/05 01:05:20;5724568;5222172;47.705271158353995
2024/03/05 01:05:25;5724316;5222424;47.70757321357774
2024/03/05 01:05:30;5724064;5222676;47.70987526880149
2024/03/05 01:05:35;5729076;5217664;47.664089948240296
2024/03/05 01:05:40;5728572;5218168;47.66869405868779
2024/03/05 01:05:45;5727316;5219424;47.68016779424742
2024/03/05 01:05:50;5726812;5219928;47.68477190469491
2024/03/05 01:05:55;5725804;5220936;47.6939801255899
2024/03/05 01:06:00;5724796;5221944;47.703188346484886
2024/03/05 01:06:05;5723788;5222952;47.712396567379876
2024/03/05 01:06:10;5723032;5223708;47.719302733051116
2024/03/05 01:06:15;5722024;5224716;47.728510953946106
2024/03/05 01:06:20;5721268;5225472;47.735417119617345
2024/03/05 01:06:25;5720264;5226476;47.74458879995323
2024/03/05 01:06:31;5719256;5227484;47.75379702084822
2024/03/05 01:06:36;5717744;5228996;47.767609352190696
2024/03/05 01:06:41;5717240;5229500;47.77221346263819
2024/03/05 01:06:46;5698112;5248628;47.94695041628832
2024/03/05 01:06:51;5718584;5228156;47.75993583477821
2024/03/05 01:06:56;5718080;5228660;47.7645399452257
2024/03/05 01:07:01;5722808;5223932;47.721349004361116
2024/03/05 01:07:06;5722308;5224432;47.7259165742495
2024/03/05 01:07:11;5721804;5224936;47.730520684697
2024/03/05 01:07:16;5726768;5219972;47.68517385084509
2024/03/05 01:07:21;5726012;5220728;47.692080016516336
2024/03/05 01:07:26;5724752;5221988;47.70359029263507
2024/03/05 01:07:31;5724248;5222492;47.70819440308256
2024/03/05 01:07:36;5723240;5223500;47.71740262397755
2024/03/05 01:07:41;5722232;5224508;47.72661084487254
2024/03/05 01:07:46;5720724;5226016;47.74038663565591
2024/03/05 01:07:51;5719968;5226772;47.747292801327156
2024/03/05 01:07:56;5718484;5228256;47.76084934875588
2024/03/05 01:08:01;5717728;5229012;47.76775551442713
2024/03/05 01:08:06;5716972;5229768;47.77466168009837
2024/03/05 01:08:11;5726948;5219792;47.68352952568527
2024/03/05 01:08:16;5725688;5221052;47.69503980180401
2024/03/05 01:08:21;5724936;5221804;47.70190942691614
2024/03/05 01:08:26;5723676;5223064;47.71341970303487
2024/03/05 01:08:31;5697984;5248756;47.94811971417975
2024/03/05 01:08:36;5719212;5227528;47.754198966998395
2024/03/05 01:08:41;5718708;5228032;47.75880307744589
2024/03/05 01:08:46;5718204;5228536;47.763407187893385
2024/03/05 01:08:51;5718204;5228536;47.763407187893385
2024/03/05 01:08:56;5718204;5228536;47.763407187893385
2024/03/05 01:09:01;5718204;5228536;47.763407187893385
2024/03/05 01:09:06;5717952;5228788;47.76570924311713
2024/03/05 01:09:11;5717448;5229292;47.770313353564624
2024/03/05 01:09:16;5716440;5230300;47.77952157445961
2024/03/05 01:09:21;5715684;5231056;47.786427740130854
2024/03/05 01:09:26;5719896;5226844;47.74795053139108
2024/03/05 01:09:31;5719140;5227600;47.75485669706232
2024/03/05 01:09:36;5718636;5228104;47.75946080750982
2024/03/05 01:09:41;5723848;5222892;47.71184845899327
2024/03/05 01:09:46;5722592;5224148;47.7233221945529
2024/03/05 01:09:51;5721836;5224904;47.73022836022414
2024/03/05 01:09:56;5721836;5224904;47.73022836022414
2024/03/05 01:10:01;5721836;5224904;47.73022836022414
2024/03/05 01:10:06;5721836;5224904;47.73022836022414
2024/03/05 01:10:11;5722340;5224400;47.725624249776644
2024/03/05 01:10:16;5722340;5224400;47.725624249776644
2024/03/05 01:10:21;5721336;5225404;47.734795930112526
2024/03/05 01:10:26;5725796;5220944;47.69405320670812
2024/03/05 01:10:31;5725044;5221696;47.70092283182025
2024/03/05 01:10:36;5724036;5222704;47.71013105271524
2024/03/05 01:10:41;5722776;5223964;47.721641328833975
2024/03/05 01:10:46;5721768;5224972;47.73084954972896
2024/03/05 01:10:51;5720760;5225980;47.74005777062395
2024/03/05 01:10:56;5719504;5227236;47.751531506183575
2024/03/05 01:11:01;5718748;5227992;47.758437671854814
2024/03/05 01:11:06;5718244;5228496;47.76304178230231
2024/03/05 01:11:11;5717740;5229000;47.767645892749805
2024/03/05 01:11:16;5717488;5229252;47.76994794797355
2024/03/05 01:11:22;5716984;5229756;47.774552058421044
2024/03/05 01:11:27;5715976;5230764;47.783760279316034
2024/03/05 01:11:32;5714968;5231772;47.792968500211025
2024/03/05 01:11:37;5713964;5232776;47.8021401805469
2024/03/05 01:11:42;5718248;5228492;47.7630052417432
2024/03/05 01:11:47;5717240;5229500;47.77221346263819
2024/03/05 01:11:52;5716484;5230256;47.77911962830943
2024/03/05 01:11:57;5715476;5231264;47.78832784920442
2024/03/05 01:12:02;5714972;5231768;47.792931959651916
2024/03/05 01:12:07;5713712;5233028;47.80444223577065
2024/03/05 01:12:12;5712956;5233784;47.81134840144189
2024/03/05 01:12:17;5711700;5235040;47.822822137001516
2024/03/05 01:12:22;5710944;5235796;47.82972830267276
2024/03/05 01:12:27;5715668;5231072;47.78657390236728
2024/03/05 01:12:32;5714912;5231828;47.79348006803852
2024/03/05 01:12:37;5714156;5232584;47.80038623370976
2024/03/05 01:12:42;5713652;5233088;47.804990344157254
2024/03/05 01:12:47;5712896;5233844;47.8118965098285
2024/03/05 01:12:52;5717604;5229136;47.768888271759444
2024/03/05 01:12:57;5716348;5230392;47.78036200731908
2024/03/05 01:13:02;5715592;5231148;47.787268172990316
2024/03/05 01:13:07;5714836;5231904;47.794174338661556
2024/03/05 01:13:12;5719792;5226948;47.74890058592786
2024/03/05 01:13:17;5718784;5227956;47.758108806822854
2024/03/05 01:13:22;5718028;5228712;47.76501497249409
2024/03/05 01:13:27;5717020;5229720;47.77422319338908
2024/03/05 01:13:32;5716016;5230724;47.783394873724966
2024/03/05 01:13:37;5715512;5231228;47.787998984172454
2024/03/05 01:13:42;5729032;5217708;47.66449189439047
2024/03/05 01:13:47;5728780;5217960;47.666793949614224
2024/03/05 01:13:52;5728780;5217960;47.666793949614224
2024/03/05 01:13:57;5728528;5218212;47.66909600483797
2024/03/05 01:14:02;5728528;5218212;47.66909600483797
2024/03/05 01:14:07;5728024;5218716;47.67370011528546
2024/03/05 01:14:12;5727268;5219472;47.6806062809567
2024/03/05 01:14:17;5731972;5214768;47.63763458344676
2024/03/05 01:14:22;5736960;5209780;47.59206850624022
2024/03/05 01:14:27;5736708;5210032;47.59437056146396
2024/03/05 01:14:32;5736204;5210536;47.598974671911456
2024/03/05 01:14:37;5735700;5211040;47.60357878235895
2024/03/05 01:14:42;5735448;5211292;47.605880837582696
2024/03/05 01:14:47;5735448;5211292;47.605880837582696
2024/03/05 01:14:52;5740404;5206336;47.560607084849
2024/03/05 01:14:57;5740404;5206336;47.560607084849
2024/03/05 01:15:02;5740408;5206332;47.560570544289895
2024/03/05 01:15:07;5744196;5202544;47.52596663481548
2024/03/05 01:15:12;5743188;5203552;47.535174855710466
2024/03/05 01:15:17;5747912;5198828;47.49202045540499
2024/03/05 01:15:22;5747408;5199332;47.496624565852485
2024/03/05 01:15:27;5746904;5199836;47.501228676299974
2024/03/05 01:15:32;5747156;5199584;47.49892662107623
2024/03/05 01:15:37;5746904;5199836;47.501228676299974
2024/03/05 01:15:42;5746908;5199832;47.50119213574087
2024/03/05 01:15:47;5746152;5200588;47.50809830141211
2024/03/05 01:15:52;5746152;5200588;47.50809830141211
2024/03/05 01:15:57;5745396;5201344;47.51500446708335
2024/03/05 01:16:02;5744892;5201848;47.519608577530846
2024/03/05 01:16:07;5743884;5202856;47.52881679842583
2024/03/05 01:16:12;5743128;5203612;47.535722964097076
2024/03/05 01:16:17;5741872;5204868;47.5471966996567
2024/03/05 01:16:22;5741116;5205624;47.55410286532794
2024/03/05 01:16:27;5745380;5201360;47.51515062931978
2024/03/05 01:16:32;5744120;5202620;47.52666090543851
2024/03/05 01:16:37;5743616;5203124;47.53126501588601
2024/03/05 01:16:42;5743364;5203376;47.53356707110976
2024/03/05 01:16:48;5742608;5204132;47.540473236781
2024/03/05 01:16:53;5742104;5204636;47.54507734722849
2024/03/05 01:16:58;5741604;5205136;47.54964491711688
2024/03/05 01:17:03;5740860;5205880;47.55644146111079
2024/03/05 01:17:08;5737348;5209392;47.58852407200683
2024/03/05 01:17:13;5741816;5204924;47.547708267484204
2024/03/05 01:17:18;5713408;5233332;47.80721931826279
2024/03/05 01:17:23;5712400;5234340;47.81642753915778
2024/03/05 01:17:28;5700860;5245880;47.92184705218175
2024/03/05 01:17:33;5699348;5247392;47.935659383524225
2024/03/05 01:17:38;5698592;5248148;47.94256554919547
2024/03/05 01:17:43;5698088;5248652;47.94716965964296
2024/03/05 01:17:48;5697584;5249156;47.951773770090455
2024/03/05 01:17:53;5697584;5249156;47.951773770090455
2024/03/05 01:17:58;5700860;5245880;47.92184705218175
2024/03/05 01:18:03;5700104;5246636;47.928753217852986
2024/03/05 01:18:08;5699600;5247140;47.93335732830048
2024/03/05 01:18:13;5698844;5247896;47.94026349397172
2024/03/05 01:18:18;5697836;5248904;47.94947171486671
2024/03/05 01:18:23;5697080;5249660;47.95637788053795
2024/03/05 01:18:28;5695824;5250916;47.967851616097576
2024/03/05 01:18:33;5695320;5251420;47.97245572654507
2024/03/05 01:18:38;5695068;5251672;47.974757781768815
2024/03/05 01:18:43;5694816;5251924;47.97705983699257
2024/03/05 01:18:48;5694816;5251924;47.97705983699257
2024/03/05 01:18:53;5694816;5251924;47.97705983699257
2024/03/05 01:18:58;5694060;5252680;47.983966002663806
2024/03/05 01:19:03;5693808;5252932;47.98626805788756
2024/03/05 01:19:08;5715292;5231448;47.790008714923346
2024/03/05 01:19:13;5719504;5227236;47.751531506183575
2024/03/05 01:19:18;5719000;5227740;47.75613561663107
2024/03/05 01:19:23;5723704;5223036;47.71316391912113
2024/03/05 01:19:28;5722700;5224040;47.722335599457004
2024/03/05 01:19:33;5721440;5225300;47.73384587557574
2024/03/05 01:19:38;5720432;5226308;47.74305409647073
2024/03/05 01:19:43;5725148;5221592;47.69997277728346
2024/03/05 01:19:48;5723892;5222848;47.7114465128431
2024/03/05 01:19:53;5723136;5223604;47.718352678514336
2024/03/05 01:19:58;5701980;5244760;47.91161569563176
2024/03/05 01:20:03;5716080;5230660;47.78281022477925
2024/03/05 01:20:08;5715748;5230992;47.785843091185136
2024/03/05 01:20:13;5715748;5230992;47.785843091185136
2024/03/05 01:20:18;5715748;5230992;47.785843091185136
2024/03/05 01:20:23;5714992;5231748;47.79274925685638
2024/03/05 01:20:28;5714740;5232000;47.795051312080126
2024/03/05 01:20:33;5714488;5232252;47.79735336730387
2024/03/05 01:20:38;5714236;5232504;47.79965542252762
2024/03/05 01:20:44;5713232;5233508;47.8088271028635
2024/03/05 01:20:49;5712476;5234264;47.81573326853474
2024/03/05 01:20:54;5711720;5235020;47.82263943420598
2024/03/05 01:20:59;5711468;5235272;47.82494148942973
2024/03/05 01:21:04;5710712;5236028;47.83184765510097
2024/03/05 01:21:09;5720392;5226348;47.7434195020618
2024/03/05 01:21:14;5719384;5227356;47.75262772295679
2024/03/05 01:21:19;5719132;5227608;47.75492977818054
2024/03/05 01:21:24;5718380;5228360;47.76179940329267
2024/03/05 01:21:29;5717624;5229116;47.76870556896391
2024/03/05 01:21:34;5717120;5229620;47.773309679411405
2024/03/05 01:21:39;5716364;5230376;47.780215845082644
2024/03/05 01:21:44;5715608;5231132;47.78712201075388
2024/03/05 01:21:49;5715356;5231384;47.789424065977634
2024/03/05 01:21:54;5714348;5232392;47.798632286872625
2024/03/05 01:21:59;5713092;5233648;47.81010602243225
2024/03/05 01:22:04;5700240;5246500;47.92751083884335
2024/03/05 01:22:09;5654704;5292036;48.343488563718516
2024/03/05 01:22:14;5653948;5292792;48.350394729389755
2024/03/05 01:22:19;5629264;5317476;48.57588651963964
2024/03/05 01:22:24;5627500;5319240;48.59200090620587
2024/03/05 01:22:29;5650336;5296404;48.38339085426346
2024/03/05 01:22:34;5649580;5297160;48.3902970199347
2024/03/05 01:22:39;5658380;5288360;48.30990778989909
2024/03/05 01:22:44;5657144;5289596;48.321198822663185
2024/03/05 01:22:49;5656896;5289844;48.32346433732783
2024/03/05 01:22:54;5661596;5285144;48.28052918037699
2024/03/05 01:22:59;5661092;5285648;48.28513329082448
2024/03/05 01:23:04;5668148;5278592;48.220675744559564
2024/03/05 01:23:09;5667140;5279600;48.229883965454555
2024/03/05 01:23:14;5671860;5274880;48.18676610570818
2024/03/05 01:23:19;5671356;5275384;48.191370216155676
2024/03/05 01:23:24;5670352;5276388;48.20054189649156
2024/03/05 01:23:29;5670100;5276640;48.2028439517153
2024/03/05 01:23:34;5669848;5276892;48.20514600693905
2024/03/05 01:23:39;5669596;5277144;48.2074480621628
2024/03/05 01:23:44;5669596;5277144;48.2074480621628
2024/03/05 01:23:50;5669092;5277648;48.21205217261029
2024/03/05 01:23:55;5669092;5277648;48.21205217261029
2024/03/05 01:24:00;5668592;5278148;48.21661974249868
2024/03/05 01:24:05;5668088;5278652;48.221223852946174
2024/03/05 01:24:10;5667332;5279408;48.228130018617414
2024/03/05 01:24:15;5666828;5279912;48.23273412906491
