Timestamp;% CPU (global);% CPU (user);% CPU (system)
2024/03/03 00:24:39;19.4;3.5;9.7
2024/03/03 00:24:41;5.2;0.6;2.6
2024/03/03 00:24:44;3.3;0.0;0.7
2024/03/03 00:24:46;5.3;0.7;3.3
2024/03/03 00:24:48;3.2;0.6;0.6
2024/03/03 00:24:50;3.9;0.7;1.3
2024/03/03 00:24:52;2.6;0.0;0.7
2024/03/03 00:24:55;4.6;1.3;1.3
2024/03/03 00:24:57;5.0;0.6;1.9
2024/03/03 00:24:59;3.7;0.6;1.9
2024/03/03 00:25:01;3.3;0.7;0.7
2024/03/03 00:25:03;3.2;0.0;1.3
2024/03/03 00:25:05;5.3;0.0;2.7
2024/03/03 00:25:08;2.6;0.7;0.7
2024/03/03 00:25:10;3.2;0.0;1.9
2024/03/03 00:25:12;4.8;0.0;2.8
2024/03/03 00:25:14;6.0;0.7;3.3
2024/03/03 00:25:16;3.2;0.6;1.3
2024/03/03 00:25:19;3.2;0.0;1.3
2024/03/03 00:25:21;4.5;0.6;1.9
2024/03/03 00:25:23;3.9;0.0;1.9
2024/03/03 00:25:25;5.0;0.6;2.5
2024/03/03 00:25:27;3.2;0.0;1.3
2024/03/03 00:25:29;3.9;0.0;2.0
2024/03/03 00:25:32;4.7;0.7;2.7
2024/03/03 00:25:34;4.4;0.6;0.6
2024/03/03 00:25:36;3.3;0.7;1.3
2024/03/03 00:25:38;2.0;0.0;0.7
2024/03/03 00:25:40;3.9;0.0;0.6
2024/03/03 00:25:43;3.2;0.0;1.9
2024/03/03 00:25:45;2.6;0.0;1.3
2024/03/03 00:25:47;3.0;0.6;1.8
2024/03/03 00:25:49;5.1;0.6;2.6
2024/03/03 00:25:51;3.7;1.2;1.2
2024/03/03 00:25:54;4.5;0.6;1.3
2024/03/03 00:25:56;4.5;0.6;1.3
2024/03/03 00:25:58;2.7;0.0;1.3
2024/03/03 00:26:00;3.3;0.7;2.0
2024/03/03 00:26:02;2.6;0.6;0.6
2024/03/03 00:26:05;3.2;0.6;1.3
2024/03/03 00:26:07;2.6;0.0;1.3
2024/03/03 00:26:09;3.2;0.0;1.3
2024/03/03 00:26:11;5.2;1.3;1.9
2024/03/03 00:26:13;4.2;0.6;1.8
2024/03/03 00:26:16;4.4;0.6;1.3
2024/03/03 00:26:18;3.1;0.6;1.2
2024/03/03 00:26:20;2.6;0.6;0.6
2024/03/03 00:26:22;2.6;0.0;1.3
2024/03/03 00:26:24;3.3;0.7;0.7
2024/03/03 00:26:26;2.6;0.0;0.7
2024/03/03 00:26:29;3.3;0.7;2.0
2024/03/03 00:26:31;3.4;0.0;2.0
2024/03/03 00:26:33;3.9;0.7;1.3
2024/03/03 00:26:35;2.6;0.7;0.7
2024/03/03 00:26:37;4.7;0.0;2.7
2024/03/03 00:26:40;3.8;0.6;0.6
2024/03/03 00:26:42;3.2;0.6;1.3
2024/03/03 00:26:44;3.9;0.0;1.9
2024/03/03 00:26:46;3.4;0.7;1.4
2024/03/03 00:26:48;2.0;0.0;1.3
2024/03/03 00:26:50;2.6;0.6;0.6
2024/03/03 00:26:53;3.3;0.0;1.3
2024/03/03 00:26:55;2.6;0.0;2.0
2024/03/03 00:26:57;1.9;0.0;1.3
2024/03/03 00:26:59;6.7;0.0;4.0
2024/03/03 00:27:02;3.3;0.7;0.0
2024/03/03 00:27:04;3.9;0.6;1.3
2024/03/03 00:27:06;3.2;0.6;1.3
2024/03/03 00:27:08;3.2;0.0;1.3
2024/03/03 00:27:10;2.7;0.0;2.0
2024/03/03 00:27:12;2.6;0.0;1.3
2024/03/03 00:27:15;4.0;0.7;1.3
2024/03/03 00:27:17;3.2;0.0;1.3
2024/03/03 00:27:19;2.6;0.0;1.3
2024/03/03 00:27:21;2.0;0.0;0.7
2024/03/03 00:27:23;3.4;0.7;0.7
2024/03/03 00:27:25;5.9;0.7;2.6
2024/03/03 00:27:28;3.9;0.7;2.0
2024/03/03 00:27:30;2.6;0.0;0.7
2024/03/03 00:27:32;1.9;0.6;0.6
2024/03/03 00:27:34;11.8;0.6;5.9
2024/03/03 00:27:37;10.9;0.0;3.6
2024/03/03 00:27:41;12.8;0.0;5.7
2024/03/03 00:27:44;12.2;0.5;2.1
2024/03/03 00:27:47;15.4;1.9;3.8
2024/03/03 00:27:50;15.6;0.9;3.7
2024/03/03 00:27:53;6.8;0.0;1.7
2024/03/03 00:27:57;13.1;0.0;3.4
2024/03/03 00:27:59;26.2;0.0;4.0
2024/03/03 00:28:03;34.0;1.0;19.6
2024/03/03 00:28:06;13.0;1.4;6.5
2024/03/03 00:28:10;10.3;0.0;2.6
2024/03/03 00:28:15;16.4;1.6;4.4
2024/03/03 00:28:18;32.2;1.1;1.1
2024/03/03 00:28:22;10.7;1.0;4.1
2024/03/03 00:28:24;27.8;0.0;13.3
2024/03/03 00:28:29;20.5;1.3;6.4
2024/03/03 00:28:35;30.7;1.5;13.1
2024/03/03 00:28:38;22.3;0.0;10.6
2024/03/03 00:28:42;20.0;1.2;10.0
2024/03/03 00:28:46;9.1;0.0;4.5
2024/03/03 00:28:50;35.9;0.0;17.4
2024/03/03 00:28:53;18.0;1.1;5.6
2024/03/03 00:28:56;15.2;1.1;6.5
2024/03/03 00:28:59;7.0;0.0;4.3
2024/03/03 00:29:02;18.5;0.0;5.0
2024/03/03 00:29:05;22.7;0.0;12.0
2024/03/03 00:29:09;19.9;0.0;8.2
2024/03/03 00:29:13;10.6;1.1;3.3
2024/03/03 00:29:16;10.4;0.0;3.7
2024/03/03 00:29:19;15.0;0.0;1.6
2024/03/03 00:29:22;21.9;0.0;6.2
2024/03/03 00:29:25;12.4;0.0;2.9
2024/03/03 00:29:28;8.2;1.3;1.3
2024/03/03 00:29:31;13.6;0.5;7.0
2024/03/03 00:29:36;11.4;0.0;1.3
2024/03/03 00:29:38;12.6;0.0;5.7
2024/03/03 00:29:41;6.7;0.0;2.2
2024/03/03 00:29:45;24.6;0.0;13.8
2024/03/03 00:29:52;15.6;0.5;1.8
2024/03/03 00:29:55;25.6;0.0;1.1
2024/03/03 00:29:59;13.8;0.0;6.3
2024/03/03 00:30:03;32.8;3.4;11.2
2024/03/03 00:30:07;42.5;1.4;17.8
2024/03/03 00:30:10;24.4;1.3;12.8
2024/03/03 00:30:13;45.1;1.4;15.5
2024/03/03 00:30:17;56.2;0.0;20.8
2024/03/03 00:30:21;44.8;0.0;11.5
2024/03/03 00:30:26;17.8;0.0;7.5
2024/03/03 00:30:28;9.5;0.0;2.1
2024/03/03 00:30:32;22.6;1.1;2.2
2024/03/03 00:30:35;8.9;0.0;5.9
2024/03/03 00:30:38;8.6;0.0;2.6
2024/03/03 00:30:41;24.5;0.0;7.5
2024/03/03 00:30:45;15.5;0.0;6.0
2024/03/03 00:30:49;34.4;0.0;14.6
2024/03/03 00:30:55;16.1;0.0;7.1
2024/03/03 00:30:59;19.4;3.0;9.7
2024/03/03 00:31:03;38.7;0.0;27.4
2024/03/03 00:31:06;17.1;1.3;5.1
2024/03/03 00:31:09;19.4;0.0;4.5
2024/03/03 00:31:13;11.7;0.0;6.2
2024/03/03 00:31:16;11.3;0.0;7.0
2024/03/03 00:31:19;13.3;0.0;7.1
2024/03/03 00:31:22;24.2;0.8;10.5
2024/03/03 00:31:25;16.2;0.0;2.0
2024/03/03 00:31:28;21.7;2.4;2.4
2024/03/03 00:31:31;18.9;0.7;9.8
2024/03/03 00:31:34;27.3;1.4;10.8
2024/03/03 00:31:38;9.2;0.8;3.4
2024/03/03 00:31:42;11.3;0.9;3.8
2024/03/03 00:31:46;17.1;0.0;3.4
2024/03/03 00:31:49;18.4;0.7;4.9
2024/03/03 00:31:53;9.5;0.0;6.8
2024/03/03 00:31:56;7.3;0.0;4.0
2024/03/03 00:32:00;22.2;2.5;12.3
2024/03/03 00:32:03;19.4;1.4;11.1
2024/03/03 00:32:07;28.2;1.1;5.6
2024/03/03 00:32:10;10.0;1.0;4.0
2024/03/03 00:32:13;20.5;1.1;8.0
2024/03/03 00:32:16;12.8;0.0;4.7
2024/03/03 00:32:19;8.8;0.0;3.5
2024/03/03 00:32:23;32.2;1.1;6.9
2024/03/03 00:32:30;21.0;1.3;7.0
2024/03/03 00:32:34;52.3;0.0;10.8
2024/03/03 00:32:38;39.3;1.6;19.7
2024/03/03 00:32:41;35.9;3.8;11.5
2024/03/03 00:32:45;27.3;0.0;11.8
2024/03/03 00:32:49;34.7;0.0;14.7
2024/03/03 00:32:52;12.2;0.5;4.2
2024/03/03 00:32:56;16.8;0.0;0.0
2024/03/03 00:33:00;16.7;0.0;7.1
2024/03/03 00:33:04;29.5;1.9;12.4
2024/03/03 00:33:08;14.7;0.0;5.6
2024/03/03 00:33:10;3.2;0.0;1.9
2024/03/03 00:33:12;7.7;1.3;4.5
2024/03/03 00:33:15;3.9;0.0;2.0
2024/03/03 00:33:17;3.8;0.0;2.5
2024/03/03 00:33:19;15.5;0.6;9.7
2024/03/03 00:33:21;4.2;0.0;3.5
2024/03/03 00:33:23;3.9;0.6;1.3
2024/03/03 00:33:26;3.7;0.0;1.2
2024/03/03 00:33:28;3.0;0.0;1.8
2024/03/03 00:33:30;11.6;0.7;6.8
2024/03/03 00:33:32;3.8;0.6;0.6
2024/03/03 00:33:35;2.6;0.0;1.3
2024/03/03 00:33:37;3.5;0.6;1.2
2024/03/03 00:33:39;4.8;0.6;2.4
2024/03/03 00:33:41;11.3;2.0;5.3
2024/03/03 00:33:44;4.5;0.6;1.9
2024/03/03 00:33:46;5.7;0.0;2.5
2024/03/03 00:33:48;2.8;0.6;1.1
2024/03/03 00:33:50;3.2;0.0;1.3
2024/03/03 00:33:53;3.7;0.5;2.1
2024/03/03 00:33:55;6.4;0.6;1.9
2024/03/03 00:33:57;3.3;0.7;0.7
2024/03/03 00:33:59;3.0;0.0;1.8
2024/03/03 00:34:02;3.2;0.6;0.6
2024/03/03 00:34:04;4.5;0.6;1.9
2024/03/03 00:34:06;4.5;0.0;1.9
2024/03/03 00:34:08;5.0;0.6;1.9
2024/03/03 00:34:11;4.9;0.0;2.7
2024/03/03 00:34:13;1.9;0.0;0.6
2024/03/03 00:34:16;2.2;0.0;1.1
2024/03/03 00:34:18;1.9;0.0;1.3
2024/03/03 00:34:20;1.1;0.0;0.5
2024/03/03 00:34:23;1.9;0.6;0.6
2024/03/03 00:34:25;4.0;1.3;0.7
2024/03/03 00:34:28;1.8;0.0;1.2
2024/03/03 00:34:30;3.7;0.0;1.2
2024/03/03 00:34:32;4.5;0.6;1.9
2024/03/03 00:34:34;5.6;0.0;2.8
2024/03/03 00:34:36;3.2;0.0;0.6
2024/03/03 00:34:39;3.1;0.6;1.2
2024/03/03 00:34:41;2.9;0.0;1.7
2024/03/03 00:34:43;5.2;0.6;1.3
2024/03/03 00:34:46;3.3;0.0;2.0
2024/03/03 00:34:48;3.3;0.7;1.3
2024/03/03 00:34:50;4.5;0.0;1.9
2024/03/03 00:34:52;3.7;0.0;1.8
2024/03/03 00:34:55;3.1;0.6;1.2
2024/03/03 00:34:57;1.3;0.0;0.6
2024/03/03 00:34:59;5.3;0.7;2.6
2024/03/03 00:35:02;5.5;1.8;0.6
2024/03/03 00:35:04;4.5;0.6;2.6
2024/03/03 00:35:06;3.9;0.6;1.3
2024/03/03 00:35:08;4.0;0.7;1.3
2024/03/03 00:35:11;2.5;0.0;1.3
2024/03/03 00:35:13;3.8;0.6;1.2
2024/03/03 00:35:15;1.9;0.0;1.2
2024/03/03 00:35:18;4.4;0.6;1.3
2024/03/03 00:35:20;2.9;0.0;1.8
2024/03/03 00:35:22;3.4;1.3;0.7
2024/03/03 00:35:25;3.9;0.0;1.9
2024/03/03 00:35:27;3.2;0.6;0.6
2024/03/03 00:35:30;3.2;0.0;1.9
2024/03/03 00:35:32;4.5;0.6;1.3
2024/03/03 00:35:34;4.0;0.7;2.0
2024/03/03 00:35:36;2.0;0.0;1.3
2024/03/03 00:35:38;3.5;0.6;1.7
2024/03/03 00:35:41;2.5;0.0;0.6
2024/03/03 00:35:43;3.2;0.6;0.6
2024/03/03 00:35:45;3.0;0.0;1.8
2024/03/03 00:35:47;3.6;0.6;1.2
2024/03/03 00:35:49;3.9;0.6;1.9
2024/03/03 00:35:52;3.9;0.7;1.3
2024/03/03 00:35:54;3.0;0.0;1.8
2024/03/03 00:35:56;3.2;0.6;0.6
2024/03/03 00:35:58;2.0;0.7;0.7
2024/03/03 00:36:01;4.6;0.7;2.0
2024/03/03 00:36:03;2.6;0.7;0.0
2024/03/03 00:36:05;4.4;0.6;1.3
2024/03/03 00:36:07;3.2;0.6;1.3
2024/03/03 00:36:10;2.3;0.6;0.6
2024/03/03 00:36:12;2.6;1.3;0.7
2024/03/03 00:36:15;2.8;0.0;1.1
2024/03/03 00:36:17;2.6;0.0;1.9
2024/03/03 00:36:19;2.0;0.0;0.7
2024/03/03 00:36:21;4.0;0.7;1.3
2024/03/03 00:36:24;2.6;0.0;0.6
2024/03/03 00:36:26;2.4;0.0;0.6
2024/03/03 00:36:28;3.0;0.0;1.2
2024/03/03 00:36:31;2.6;0.0;0.7
2024/03/03 00:36:33;4.5;0.6;1.3
2024/03/03 00:36:35;2.5;0.0;0.6
2024/03/03 00:36:37;1.8;0.6;0.6
2024/03/03 00:36:39;4.9;0.0;2.5
2024/03/03 00:36:42;3.7;0.6;1.2
2024/03/03 00:36:44;2.0;0.0;1.3
2024/03/03 00:36:46;1.9;0.6;0.0
2024/03/03 00:36:48;5.5;1.1;2.7
2024/03/03 00:36:51;3.2;0.0;1.3
2024/03/03 00:36:53;3.9;0.6;1.9
2024/03/03 00:36:55;3.7;0.6;0.6
2024/03/03 00:36:57;2.6;0.0;1.3
2024/03/03 00:37:00;3.1;0.6;1.2
2024/03/03 00:37:02;5.0;0.6;1.2
2024/03/03 00:37:04;7.0;1.9;2.5
2024/03/03 00:37:06;4.5;0.6;1.9
2024/03/03 00:37:09;4.4;0.6;1.3
2024/03/03 00:37:11;3.8;0.0;1.3
2024/03/03 00:37:13;3.3;0.7;0.0
2024/03/03 00:37:15;2.6;0.7;0.7
2024/03/03 00:37:18;3.2;0.0;1.3
2024/03/03 00:37:20;5.8;0.6;2.6
2024/03/03 00:37:22;3.9;0.0;1.3
2024/03/03 00:37:24;2.7;0.0;0.7
2024/03/03 00:37:26;4.6;0.7;1.3
2024/03/03 00:37:28;4.4;0.6;1.9
2024/03/03 00:37:31;4.5;0.6;1.3
2024/03/03 00:37:33;2.5;0.0;1.2
2024/03/03 00:37:35;2.6;0.7;0.7
2024/03/03 00:37:37;2.0;0.0;1.3
2024/03/03 00:37:40;3.1;0.0;0.6
2024/03/03 00:37:42;2.6;0.0;1.3
2024/03/03 00:37:44;2.6;0.0;0.0
2024/03/03 00:37:46;3.3;0.0;1.3
2024/03/03 00:37:48;3.3;0.0;2.0
2024/03/03 00:37:51;3.3;0.7;1.3
2024/03/03 00:37:53;2.5;0.0;1.2
2024/03/03 00:37:56;2.0;0.0;1.3
2024/03/03 00:37:58;4.5;0.6;0.6
2024/03/03 00:38:00;2.0;0.0;0.7
2024/03/03 00:38:02;2.0;0.0;1.3
2024/03/03 00:38:04;3.9;0.0;2.0
2024/03/03 00:38:07;4.0;0.0;1.3
2024/03/03 00:38:09;4.5;0.6;1.9
2024/03/03 00:38:11;1.9;0.0;0.6
2024/03/03 00:38:13;4.5;0.0;1.9
2024/03/03 00:38:15;8.2;1.3;3.1
2024/03/03 00:38:18;3.2;0.6;1.3
2024/03/03 00:38:20;3.8;0.6;1.3
2024/03/03 00:38:22;3.9;0.7;0.7
2024/03/03 00:38:24;2.7;0.0;0.7
2024/03/03 00:38:26;5.9;1.3;2.6
2024/03/03 00:38:29;3.9;0.6;1.9
2024/03/03 00:38:31;5.3;0.7;3.3
2024/03/03 00:38:33;2.6;0.7;0.7
2024/03/03 00:38:35;4.9;0.0;2.1
2024/03/03 00:38:37;5.9;0.7;2.6
2024/03/03 00:38:40;3.8;0.0;2.5
2024/03/03 00:38:42;4.3;0.0;1.9
2024/03/03 00:38:44;5.5;0.6;1.2
2024/03/03 00:38:46;5.4;0.6;3.0
2024/03/03 00:38:48;4.8;0.0;1.8
2024/03/03 00:38:51;3.8;0.6;1.3
2024/03/03 00:38:53;3.3;0.7;1.3
2024/03/03 00:38:55;4.5;1.3;1.3
2024/03/03 00:38:57;3.1;1.2;0.6
2024/03/03 00:38:59;7.9;0.7;4.6
2024/03/03 00:39:02;3.8;1.3;0.6
2024/03/03 00:39:04;6.0;0.0;1.3
2024/03/03 00:39:06;2.6;0.0;1.3
2024/03/03 00:39:08;5.8;1.3;1.3
2024/03/03 00:39:10;4.0;0.7;2.0
2024/03/03 00:39:12;3.9;0.0;0.6
2024/03/03 00:39:15;4.5;0.6;1.3
2024/03/03 00:39:17;3.9;0.0;1.3
2024/03/03 00:39:19;2.7;0.0;0.7
2024/03/03 00:39:21;3.9;0.0;1.3
2024/03/03 00:39:23;6.0;0.7;2.6
2024/03/03 00:39:26;2.7;0.0;0.0
2024/03/03 00:39:28;4.4;0.6;0.6
2024/03/03 00:39:30;2.6;0.0;0.7
2024/03/03 00:39:32;3.8;0.6;1.3
2024/03/03 00:39:34;3.3;0.0;1.3
2024/03/03 00:39:37;3.4;0.0;1.4
2024/03/03 00:39:39;2.6;0.0;0.7
2024/03/03 00:39:41;3.8;0.6;1.3
2024/03/03 00:39:43;5.3;0.0;2.6
2024/03/03 00:39:45;2.0;0.0;1.3
2024/03/03 00:39:48;3.2;0.6;0.6
2024/03/03 00:39:50;5.1;1.3;1.9
2024/03/03 00:39:52;2.6;0.6;0.6
2024/03/03 00:39:54;5.1;0.6;1.9
2024/03/03 00:39:56;5.3;1.3;0.7
2024/03/03 00:39:59;4.5;0.6;0.6
2024/03/03 00:40:01;3.1;0.6;0.6
2024/03/03 00:40:03;2.6;0.0;1.3
2024/03/03 00:40:05;4.4;0.6;1.3
2024/03/03 00:40:07;3.2;0.0;1.9
2024/03/03 00:40:09;5.7;0.6;1.9
2024/03/03 00:40:12;3.8;0.6;1.3
2024/03/03 00:40:14;3.9;0.6;1.3
2024/03/03 00:40:16;4.4;0.6;1.3
2024/03/03 00:40:18;2.3;0.0;0.6
2024/03/03 00:40:21;4.0;0.7;1.3
2024/03/03 00:40:23;3.9;0.0;2.0
2024/03/03 00:40:25;4.5;0.6;1.3
2024/03/03 00:40:27;3.9;0.0;1.9
2024/03/03 00:40:29;3.9;0.7;2.0
2024/03/03 00:40:32;4.5;0.6;1.9
2024/03/03 00:40:34;2.6;0.0;0.7
2024/03/03 00:40:36;3.8;0.6;0.6
2024/03/03 00:40:38;3.8;1.3;0.6
2024/03/03 00:40:40;2.0;0.0;0.7
2024/03/03 00:40:43;4.4;1.3;1.3
2024/03/03 00:40:45;3.2;0.6;1.3
2024/03/03 00:40:47;3.9;0.6;0.6
2024/03/03 00:40:49;2.8;0.0;1.4
2024/03/03 00:40:51;4.1;0.7;2.0
2024/03/03 00:40:54;3.9;0.7;1.3
2024/03/03 00:40:56;3.1;0.6;0.6
2024/03/03 00:40:58;3.8;0.6;1.3
2024/03/03 00:41:00;3.2;0.6;0.6
2024/03/03 00:41:02;3.8;0.6;1.3
2024/03/03 00:41:05;3.3;0.0;1.3
2024/03/03 00:41:07;3.4;0.0;1.3
2024/03/03 00:41:09;3.8;0.0;1.3
2024/03/03 00:41:11;4.6;0.7;1.3
2024/03/03 00:41:13;4.6;0.0;1.3
2024/03/03 00:41:16;2.9;0.6;1.2
2024/03/03 00:41:18;3.6;0.0;1.8
2024/03/03 00:41:20;3.8;0.6;1.9
2024/03/03 00:41:22;3.3;0.7;1.3
2024/03/03 00:41:25;3.4;0.7;1.3
2024/03/03 00:41:27;3.3;0.0;1.3
2024/03/03 00:41:29;3.2;0.6;1.3
2024/03/03 00:41:31;2.0;0.0;1.3
2024/03/03 00:41:33;3.8;0.6;1.3
2024/03/03 00:41:36;3.3;0.0;0.7
2024/03/03 00:41:38;3.1;0.6;1.3
2024/03/03 00:41:40;3.8;0.6;1.9
2024/03/03 00:41:42;5.7;0.6;2.5
2024/03/03 00:41:44;3.1;0.0;1.3
2024/03/03 00:41:47;2.6;0.0;1.3
2024/03/03 00:41:49;3.3;0.7;0.0
2024/03/03 00:41:51;14.1;1.6;7.0
2024/03/03 00:41:54;4.5;0.0;1.9
2024/03/03 00:41:56;2.7;0.7;0.7
2024/03/03 00:41:58;4.7;0.7;2.0
2024/03/03 00:42:00;5.1;0.6;2.5
2024/03/03 00:42:02;3.9;0.0;2.6
2024/03/03 00:42:05;4.6;0.0;0.0
2024/03/03 00:42:07;3.3;0.0;1.3
2024/03/03 00:42:09;5.2;0.6;1.9
2024/03/03 00:42:11;3.8;1.3;1.3
2024/03/03 00:42:13;3.9;0.7;2.0
2024/03/03 00:42:16;3.3;0.7;0.0
2024/03/03 00:42:18;1.9;0.0;0.6
2024/03/03 00:42:20;1.2;0.0;0.0
2024/03/03 00:42:22;4.0;0.0;2.0
2024/03/03 00:42:24;4.5;0.0;1.9
2024/03/03 00:42:27;3.8;0.6;0.6
2024/03/03 00:42:29;2.6;0.6;0.0
2024/03/03 00:42:31;3.9;0.0;2.0
2024/03/03 00:42:33;4.5;0.6;1.9
2024/03/03 00:42:35;6.0;0.0;2.7
2024/03/03 00:42:38;3.9;0.7;0.7
2024/03/03 00:42:40;4.6;0.0;1.3
2024/03/03 00:42:42;3.9;0.6;1.3
2024/03/03 00:42:44;4.5;0.6;1.3
2024/03/03 00:42:46;5.2;0.7;2.6
2024/03/03 00:42:49;3.3;0.7;1.3
2024/03/03 00:42:51;3.3;0.0;1.3
2024/03/03 00:42:53;2.6;0.7;0.7
2024/03/03 00:42:55;4.0;0.0;2.7
2024/03/03 00:42:57;4.4;1.3;1.3
2024/03/03 00:43:00;4.6;0.7;2.0
2024/03/03 00:43:02;3.9;0.0;1.3
2024/03/03 00:43:04;5.2;0.0;3.9
2024/03/03 00:43:06;6.0;1.5;3.0
2024/03/03 00:43:08;5.1;0.6;1.9
2024/03/03 00:43:10;6.5;1.3;2.0
2024/03/03 00:43:13;4.5;0.6;1.3
2024/03/03 00:43:15;3.3;0.0;2.0
2024/03/03 00:43:17;22.4;5.6;9.6
2024/03/03 00:43:19;5.9;0.7;3.3
2024/03/03 00:43:21;3.2;0.0;1.3
2024/03/03 00:43:24;3.9;0.7;1.3
2024/03/03 00:43:26;3.1;0.0;1.9
2024/03/03 00:43:28;3.2;0.6;1.3
2024/03/03 00:43:30;3.8;0.6;1.9
2024/03/03 00:43:32;4.1;0.0;2.0
2024/03/03 00:43:34;6.0;0.7;1.3
2024/03/03 00:43:37;3.9;0.0;1.3
2024/03/03 00:43:39;3.9;0.7;1.3
2024/03/03 00:43:41;2.6;0.7;0.0
2024/03/03 00:43:43;3.2;0.6;1.3
2024/03/03 00:43:45;3.4;0.0;1.4
2024/03/03 00:43:48;4.6;0.7;1.3
2024/03/03 00:43:50;4.1;0.0;2.0
2024/03/03 00:43:52;2.6;0.0;1.3
2024/03/03 00:43:54;3.2;1.3;0.6
2024/03/03 00:43:56;4.0;0.7;2.0
2024/03/03 00:43:59;4.3;0.6;1.9
2024/03/03 00:44:01;3.1;0.6;1.2
2024/03/03 00:44:04;2.4;0.6;0.0
2024/03/03 00:44:06;4.5;0.6;1.9
2024/03/03 00:44:08;3.0;0.6;1.2
2024/03/03 00:44:10;3.0;0.6;1.8
2024/03/03 00:44:12;4.5;0.6;2.6
2024/03/03 00:44:15;1.9;0.6;0.6
2024/03/03 00:44:17;3.1;0.0;1.2
2024/03/03 00:44:19;2.6;0.7;0.7
2024/03/03 00:44:21;4.4;0.6;1.9
2024/03/03 00:44:24;3.6;0.6;0.6
2024/03/03 00:44:26;3.2;0.6;0.6
2024/03/03 00:44:28;2.6;0.6;0.0
2024/03/03 00:44:31;1.3;0.0;0.7
2024/03/03 00:44:33;3.2;0.6;0.6
2024/03/03 00:44:36;4.4;0.0;0.6
2024/03/03 00:44:38;2.6;0.0;0.7
2024/03/03 00:44:40;3.9;0.0;1.3
2024/03/03 00:44:42;4.5;0.0;3.2
2024/03/03 00:44:45;2.4;0.0;1.0
2024/03/03 00:44:47;2.5;0.0;1.2
2024/03/03 00:44:50;1.8;0.0;1.2
2024/03/03 00:44:52;2.0;0.0;0.7
2024/03/03 00:44:54;2.2;0.0;0.6
2024/03/03 00:44:56;3.9;0.0;2.6
2024/03/03 00:44:59;3.0;0.6;1.8
2024/03/03 00:45:02;3.3;0.7;0.7
2024/03/03 00:45:04;2.6;0.7;1.3
2024/03/03 00:45:06;2.7;0.0;0.9
2024/03/03 00:45:09;2.1;0.0;1.0
2024/03/03 00:45:11;1.2;0.0;0.0
2024/03/03 00:45:14;1.8;0.0;1.2
2024/03/03 00:45:16;3.3;1.1;0.6
2024/03/03 00:45:18;0.6;0.0;0.0
2024/03/03 00:45:20;2.5;0.0;1.2
2024/03/03 00:45:22;4.5;0.6;2.6
2024/03/03 00:45:25;3.7;1.2;0.6
2024/03/03 00:45:27;5.1;0.6;2.5
2024/03/03 00:45:30;3.2;0.0;1.9
2024/03/03 00:45:32;2.7;0.7;0.7
2024/03/03 00:45:34;2.4;0.0;0.6
2024/03/03 00:45:36;2.5;0.6;0.6
2024/03/03 00:45:39;2.5;0.0;0.6
2024/03/03 00:45:42;2.5;0.0;1.3
2024/03/03 00:45:44;4.7;0.0;2.0
2024/03/03 00:45:46;2.5;0.0;0.5
2024/03/03 00:45:48;4.7;0.0;1.3
2024/03/03 00:45:51;1.7;0.0;0.6
2024/03/03 00:45:53;2.6;0.7;0.7
2024/03/03 00:45:55;0.5;0.0;0.3
2024/03/03 00:45:58;2.8;0.6;0.6
2024/03/03 00:46:00;3.3;0.0;0.7
2024/03/03 00:46:02;4.5;0.6;1.3
2024/03/03 00:46:05;3.9;0.0;1.3
2024/03/03 00:46:07;3.2;0.0;1.9
2024/03/03 00:46:09;2.6;0.6;0.6
2024/03/03 00:46:11;3.8;0.6;0.6
2024/03/03 00:46:13;1.8;0.0;1.2
2024/03/03 00:46:16;4.2;0.6;1.8
2024/03/03 00:46:18;3.2;0.0;1.3
2024/03/03 00:46:20;4.5;0.6;1.7
2024/03/03 00:46:22;2.6;0.0;0.6
2024/03/03 00:46:25;3.9;0.7;2.0
2024/03/03 00:46:27;2.6;0.7;0.7
2024/03/03 00:46:29;4.4;0.0;1.9
2024/03/03 00:46:32;2.4;0.6;0.6
2024/03/03 00:46:34;4.6;0.7;1.3
2024/03/03 00:46:36;3.3;0.0;0.7
2024/03/03 00:46:38;3.7;0.6;1.8
2024/03/03 00:46:40;4.6;0.0;2.0
2024/03/03 00:46:45;1.9;0.0;0.6
2024/03/03 00:46:47;2.7;0.0;1.1
2024/03/03 00:46:49;2.0;0.0;0.7
2024/03/03 00:46:52;2.2;0.5;0.5
2024/03/03 00:46:54;2.9;0.0;0.6
2024/03/03 00:46:56;4.8;0.6;0.6
2024/03/03 00:46:58;2.4;0.0;1.2
2024/03/03 00:47:00;3.9;0.0;1.3
2024/03/03 00:47:03;1.9;0.0;0.6
2024/03/03 00:47:05;2.6;0.0;1.0
2024/03/03 00:47:07;1.0;0.3;0.3
2024/03/03 00:47:10;2.7;0.0;1.1
2024/03/03 00:47:12;3.3;0.0;1.1
2024/03/03 00:47:15;1.8;0.0;0.6
2024/03/03 00:47:17;2.9;0.6;0.6
2024/03/03 00:47:19;1.9;0.0;1.3
2024/03/03 00:47:22;2.9;0.0;1.2
2024/03/03 00:47:24;2.9;0.6;1.7
2024/03/03 00:47:26;2.4;0.5;0.5
2024/03/03 00:47:29;2.4;0.0;1.0
2024/03/03 00:47:31;3.0;0.6;0.6
2024/03/03 00:47:33;2.5;0.6;0.6
2024/03/03 00:47:36;4.2;0.0;1.8
2024/03/03 00:47:38;3.7;0.6;0.6
2024/03/03 00:47:40;5.9;0.6;1.2
2024/03/03 00:47:42;3.8;0.0;1.9
2024/03/03 00:47:45;3.6;0.0;1.2
2024/03/03 00:47:47;2.6;0.0;0.7
2024/03/03 00:47:50;2.3;0.6;0.6
2024/03/03 00:47:52;3.2;0.6;0.6
2024/03/03 00:47:54;2.3;0.0;0.0
2024/03/03 00:47:57;2.7;0.7;0.0
2024/03/03 00:47:59;3.1;0.6;1.2
2024/03/03 00:48:02;1.9;0.0;1.3
2024/03/03 00:48:04;3.8;0.6;1.3
2024/03/03 00:48:06;2.4;0.0;0.6
2024/03/03 00:48:09;1.9;0.0;0.6
2024/03/03 00:48:11;3.2;0.6;1.3
2024/03/03 00:48:14;3.3;0.0;1.3
2024/03/03 00:48:16;2.5;0.0;1.2
2024/03/03 00:48:19;4.4;0.6;1.3
2024/03/03 00:48:21;4.4;0.6;1.9
2024/03/03 00:48:24;2.8;0.0;1.7
2024/03/03 00:48:26;4.5;0.6;1.3
2024/03/03 00:48:28;2.3;0.0;0.6
2024/03/03 00:48:31;3.4;0.6;1.1
2024/03/03 00:48:33;3.8;0.6;1.9
2024/03/03 00:48:35;2.5;0.0;0.0
2024/03/03 00:48:39;2.1;0.0;0.5
2024/03/03 00:48:41;3.3;0.5;0.5
2024/03/03 00:48:43;2.0;0.7;0.0
2024/03/03 00:48:45;3.2;0.5;1.1
2024/03/03 00:48:47;4.5;0.0;1.3
2024/03/03 00:48:50;3.8;0.6;1.3
2024/03/03 00:48:52;3.1;0.6;1.9
2024/03/03 00:48:54;3.1;0.6;0.6
2024/03/03 00:48:56;4.2;0.0;1.2
2024/03/03 00:48:58;23.4;1.6;9.4
2024/03/03 00:49:01;10.5;1.2;3.5
2024/03/03 00:49:03;25.9;1.2;5.9
2024/03/03 00:49:05;29.2;1.0;12.5
2024/03/03 00:49:08;16.9;0.0;4.2
2024/03/03 00:49:10;15.0;1.3;5.2
2024/03/03 00:49:12;11.5;0.7;2.0
2024/03/03 00:49:15;16.5;0.0;7.8
2024/03/03 00:49:17;7.9;0.8;4.7
2024/03/03 00:49:19;31.2;2.1;9.4
2024/03/03 00:49:22;20.4;0.9;6.2
2024/03/03 00:49:24;16.9;0.6;6.5
2024/03/03 00:49:27;15.3;1.6;5.6
2024/03/03 00:49:29;9.5;1.3;5.1
2024/03/03 00:49:31;16.3;0.0;7.4
2024/03/03 00:49:34;9.8;0.7;4.2
2024/03/03 00:49:36;13.9;0.7;7.3
2024/03/03 00:49:38;9.7;0.7;2.8
2024/03/03 00:49:40;15.0;1.3;6.5
2024/03/03 00:49:43;9.8;0.0;4.5
2024/03/03 00:49:45;11.9;0.0;5.2
2024/03/03 00:49:47;11.4;1.5;6.1
2024/03/03 00:49:50;14.2;0.0;3.8
2024/03/03 00:49:52;12.7;0.7;5.6
2024/03/03 00:49:54;16.7;1.4;5.1
2024/03/03 00:49:57;12.3;0.6;3.9
2024/03/03 00:49:59;10.7;0.8;3.8
2024/03/03 00:50:01;14.2;0.8;3.9
2024/03/03 00:50:04;18.3;0.9;3.5
2024/03/03 00:50:06;8.7;0.0;4.8
2024/03/03 00:50:08;11.5;0.6;4.5
2024/03/03 00:50:11;13.5;0.0;4.8
2024/03/03 00:50:13;18.3;1.7;4.2
2024/03/03 00:50:15;14.9;0.0;4.1
2024/03/03 00:50:17;12.1;1.4;3.6
2024/03/03 00:50:20;12.6;1.2;5.4
2024/03/03 00:50:22;10.8;2.0;4.7
2024/03/03 00:50:24;15.0;0.0;4.5
2024/03/03 00:50:27;8.5;0.7;3.5
2024/03/03 00:50:29;8.9;0.7;3.7
2024/03/03 00:50:32;7.9;0.7;2.0
2024/03/03 00:50:34;20.6;3.5;8.5
2024/03/03 00:50:36;38.3;3.2;17.0
2024/03/03 00:50:39;13.2;1.5;1.5
2024/03/03 00:50:42;7.6;0.7;2.1
2024/03/03 00:50:44;9.9;0.7;2.1
2024/03/03 00:50:46;12.7;0.0;6.3
2024/03/03 00:50:49;12.4;0.6;3.0
2024/03/03 00:50:51;10.7;0.0;4.0
2024/03/03 00:50:53;12.0;1.3;3.8
2024/03/03 00:50:56;12.5;0.0;5.0
2024/03/03 00:50:58;13.6;0.7;6.4
2024/03/03 00:51:00;10.7;1.4;3.6
2024/03/03 00:51:03;9.9;0.0;4.4
2024/03/03 00:51:05;15.6;0.0;6.6
2024/03/03 00:51:07;15.1;1.4;5.8
2024/03/03 00:51:10;12.9;0.0;3.6
2024/03/03 00:51:12;11.4;0.0;3.6
2024/03/03 00:51:14;14.2;2.1;7.1
2024/03/03 00:51:17;14.2;0.8;6.3
2024/03/03 00:51:19;11.7;1.5;5.1
2024/03/03 00:51:21;10.9;1.6;4.7
2024/03/03 00:51:24;10.6;0.7;5.6
2024/03/03 00:51:26;10.2;0.7;4.8
2024/03/03 00:51:29;12.6;0.7;5.6
2024/03/03 00:51:31;10.9;0.0;4.4
2024/03/03 00:51:33;18.0;0.0;6.0
2024/03/03 00:51:36;13.3;0.7;5.6
2024/03/03 00:51:38;14.0;0.8;6.2
2024/03/03 00:51:41;12.0;0.0;4.8
2024/03/03 00:51:43;14.6;1.8;5.8
2024/03/03 00:51:45;14.6;1.5;5.8
2024/03/03 00:51:48;22.0;1.7;3.4
2024/03/03 00:51:50;11.0;0.7;5.5
2024/03/03 00:51:52;13.1;2.0;4.6
2024/03/03 00:51:55;11.3;0.0;4.0
2024/03/03 00:51:57;11.4;0.7;2.0
2024/03/03 00:51:59;21.6;1.7;10.3
2024/03/03 00:52:02;16.8;0.0;1.8
2024/03/03 00:52:04;13.1;0.0;7.1
2024/03/03 00:52:07;14.6;0.7;5.1
2024/03/03 00:52:09;8.0;0.0;3.6
2024/03/03 00:52:11;9.8;1.4;2.8
2024/03/03 00:52:14;8.8;0.7;4.1
2024/03/03 00:52:16;12.8;0.6;4.3
2024/03/03 00:52:18;15.5;0.5;5.2
2024/03/03 00:52:21;9.2;1.3;3.3
2024/03/03 00:52:23;14.7;0.9;6.9
2024/03/03 00:52:25;13.8;0.7;6.5
2024/03/03 00:52:28;17.0;1.5;7.4
2024/03/03 00:52:30;16.1;1.1;5.6
2024/03/03 00:52:33;10.7;0.8;4.6
2024/03/03 00:52:35;14.3;0.0;6.8
2024/03/03 00:52:37;10.7;0.0;4.0
2024/03/03 00:52:40;7.5;0.7;1.5
2024/03/03 00:52:42;15.5;0.8;3.1
2024/03/03 00:52:44;14.7;2.2;5.9
2024/03/03 00:52:46;14.0;0.8;8.5
2024/03/03 00:52:49;16.1;1.4;7.0
2024/03/03 00:52:51;15.6;0.0;8.3
2024/03/03 00:52:53;12.5;0.0;6.2
2024/03/03 00:52:56;11.6;0.8;3.9
2024/03/03 00:52:58;15.7;0.0;3.7
2024/03/03 00:53:01;12.4;1.4;4.1
2024/03/03 00:53:03;10.6;0.7;3.5
2024/03/03 00:53:05;14.7;1.6;4.7
2024/03/03 00:53:08;13.6;0.0;6.1
2024/03/03 00:53:10;16.5;0.0;3.5
2024/03/03 00:53:12;10.1;0.6;3.2
2024/03/03 00:53:15;9.7;0.0;4.2
2024/03/03 00:53:17;19.5;0.8;3.9
2024/03/03 00:53:19;19.5;1.6;4.9
2024/03/03 00:53:22;4.6;0.7;3.3
2024/03/03 00:53:24;5.7;0.6;3.2
2024/03/03 00:53:26;2.7;0.0;1.3
2024/03/03 00:53:29;11.7;0.7;4.4
2024/03/03 00:53:31;19.6;1.8;6.7
2024/03/03 00:53:34;19.2;2.4;6.4
2024/03/03 00:53:36;22.1;1.5;8.1
2024/03/03 00:53:38;15.5;1.2;6.8
2024/03/03 00:53:41;23.7;1.5;6.7
2024/03/03 00:53:43;18.5;2.1;8.9
2024/03/03 00:53:46;13.8;0.6;6.9
2024/03/03 00:53:48;15.1;1.4;6.8
2024/03/03 00:53:51;13.0;1.5;6.9
2024/03/03 00:53:53;18.0;0.8;6.2
2024/03/03 00:53:55;11.1;0.7;3.5
2024/03/03 00:53:58;10.5;0.7;3.5
2024/03/03 00:54:00;14.0;1.9;8.4
2024/03/03 00:54:02;13.9;1.4;4.9
2024/03/03 00:54:05;10.9;0.0;5.1
2024/03/03 00:54:07;11.7;0.6;4.1
2024/03/03 00:54:09;22.0;3.3;6.5
2024/03/03 00:54:12;13.4;0.7;4.9
2024/03/03 00:54:14;15.7;0.6;6.7
2024/03/03 00:54:17;10.9;0.6;4.2
2024/03/03 00:54:19;12.3;1.4;3.6
2024/03/03 00:54:21;19.6;2.0;5.9
2024/03/03 00:54:24;11.7;1.4;2.8
2024/03/03 00:54:26;23.8;1.4;5.4
2024/03/03 00:54:28;15.1;2.2;2.2
2024/03/03 00:54:31;11.0;1.5;5.1
2024/03/03 00:54:33;19.1;1.5;6.1
2024/03/03 00:54:35;13.8;0.8;6.2
2024/03/03 00:54:38;11.2;0.7;3.5
2024/03/03 00:54:40;13.1;1.5;5.3
2024/03/03 00:54:43;15.2;0.7;5.8
2024/03/03 00:54:45;16.1;0.0;7.1
2024/03/03 00:54:47;10.9;0.7;3.4
2024/03/03 00:54:50;10.1;1.4;3.6
2024/03/03 00:54:52;10.2;0.7;2.9
2024/03/03 00:54:54;11.7;0.0;5.3
2024/03/03 00:54:57;13.1;1.2;7.1
2024/03/03 00:54:59;20.9;0.0;5.5
2024/03/03 00:55:01;19.1;2.1;8.5
2024/03/03 00:55:04;10.4;0.7;2.2
2024/03/03 00:55:06;14.2;2.0;4.1
2024/03/03 00:55:08;16.3;1.6;6.8
2024/03/03 00:55:11;9.3;1.3;3.3
2024/03/03 00:55:13;14.7;0.0;5.5
2024/03/03 00:55:16;10.1;1.4;4.3
2024/03/03 00:55:18;11.4;1.4;5.0
2024/03/03 00:55:21;15.4;0.0;4.6
2024/03/03 00:55:23;8.2;0.0;3.4
2024/03/03 00:55:25;19.1;0.7;5.7
2024/03/03 00:55:28;15.8;1.4;7.5
2024/03/03 00:55:31;10.8;0.0;5.8
2024/03/03 00:55:33;11.3;0.0;4.0
2024/03/03 00:55:36;4.3;0.6;1.9
2024/03/03 00:55:38;5.3;2.6;2.0
2024/03/03 00:55:40;3.2;0.0;1.9
2024/03/03 00:55:42;3.0;0.0;0.6
2024/03/03 00:55:44;5.8;0.6;1.9
2024/03/03 00:55:47;2.6;0.0;1.3
2024/03/03 00:55:49;4.5;0.6;1.3
2024/03/03 00:55:51;3.9;0.0;1.3
2024/03/03 00:55:53;2.9;0.4;0.8
2024/03/03 00:55:56;1.1;0.0;0.6
2024/03/03 00:55:58;3.9;0.6;0.6
2024/03/03 00:56:01;3.8;0.0;1.3
2024/03/03 00:56:03;3.0;0.0;1.2
2024/03/03 00:56:05;4.1;0.7;0.7
2024/03/03 00:56:07;3.9;0.7;1.3
2024/03/03 00:56:09;5.2;0.6;2.6
2024/03/03 00:56:12;11.6;0.0;4.8
2024/03/03 00:56:14;31.8;2.3;15.5
2024/03/03 00:56:16;18.0;0.8;10.5
2024/03/03 00:56:19;15.9;0.7;5.5
2024/03/03 00:56:21;11.2;0.0;5.6
2024/03/03 00:56:24;13.0;1.2;3.7
2024/03/03 00:56:26;18.3;1.5;8.4
2024/03/03 00:56:28;15.3;1.2;3.7
2024/03/03 00:56:31;18.5;1.5;5.9
2024/03/03 00:56:33;9.9;0.7;2.8
2024/03/03 00:56:35;9.0;0.0;2.8
2024/03/03 00:56:38;10.6;0.0;2.8
2024/03/03 00:56:40;11.5;2.2;2.9
2024/03/03 00:56:43;12.1;0.0;4.5
2024/03/03 00:56:45;15.9;1.3;6.4
2024/03/03 00:56:47;12.1;0.7;3.5
2024/03/03 00:56:50;11.3;2.0;5.3
2024/03/03 00:56:52;12.1;0.7;5.4
2024/03/03 00:56:55;10.1;0.0;3.9
2024/03/03 00:56:57;14.0;0.6;7.9
2024/03/03 00:56:59;20.5;2.6;8.6
2024/03/03 00:57:02;14.5;1.4;7.6
2024/03/03 00:57:04;10.2;0.7;5.4
2024/03/03 00:57:06;14.4;1.8;2.7
2024/03/03 00:57:09;13.3;1.3;3.8
2024/03/03 00:57:11;13.2;0.8;7.8
2024/03/03 00:57:13;20.0;0.0;9.5
2024/03/03 00:57:16;10.3;0.0;3.8
2024/03/03 00:57:18;11.5;0.6;3.8
2024/03/03 00:57:20;15.1;0.4;5.4
2024/03/03 00:57:23;13.6;0.6;5.2
2024/03/03 00:57:25;32.1;2.2;14.6
2024/03/03 00:57:28;15.2;0.0;6.2
2024/03/03 00:57:32;14.7;0.3;4.1
2024/03/03 00:57:35;15.2;0.7;9.0
2024/03/03 00:57:37;20.3;3.4;7.4
2024/03/03 00:57:40;11.9;1.5;2.2
2024/03/03 00:57:42;11.7;0.7;2.9
2024/03/03 00:57:44;19.7;0.6;9.2
2024/03/03 00:57:47;9.5;0.9;6.0
2024/03/03 00:57:50;41.3;0.0;7.6
2024/03/03 00:57:54;2.3;0.0;1.2
2024/03/03 00:57:58;12.0;0.0;4.0
2024/03/03 00:58:01;19.4;1.0;10.2
2024/03/03 00:58:04;31.9;0.0;10.1
2024/03/03 00:58:09;10.8;0.7;0.7
2024/03/03 00:58:15;6.9;0.0;4.2
2024/03/03 00:58:19;5.7;0.0;1.0
2024/03/03 00:58:22;22.4;1.3;11.8
2024/03/03 00:58:26;35.0;0.0;20.0
2024/03/03 00:58:30;5.9;1.3;2.0
2024/03/03 00:58:32;5.1;0.6;2.5
2024/03/03 00:58:34;4.9;0.6;1.9
2024/03/03 00:58:37;6.2;0.9;3.6
2024/03/03 00:58:40;23.3;0.4;7.6
2024/03/03 00:58:45;29.3;0.0;17.1
2024/03/03 00:58:48;15.4;0.0;5.1
2024/03/03 00:58:52;13.0;1.1;6.5
2024/03/03 00:58:55;31.2;0.0;20.4
2024/03/03 00:59:00;9.5;0.0;5.3
2024/03/03 00:59:04;15.5;1.0;4.9
2024/03/03 00:59:08;13.7;0.0;5.0
2024/03/03 00:59:12;21.8;1.4;7.5
2024/03/03 00:59:16;33.3;0.0;5.0
2024/03/03 00:59:19;12.7;0.7;3.5
2024/03/03 00:59:23;30.2;0.0;5.8
2024/03/03 00:59:26;23.0;0.8;5.7
2024/03/03 00:59:29;15.3;0.0;4.7
2024/03/03 00:59:32;9.4;1.7;4.3
2024/03/03 00:59:35;11.2;0.6;0.6
2024/03/03 00:59:38;13.4;0.7;6.0
2024/03/03 00:59:40;10.1;0.0;5.3
2024/03/03 00:59:43;30.0;0.0;2.9
2024/03/03 00:59:46;19.9;0.6;8.8
2024/03/03 00:59:49;7.0;0.0;1.2
2024/03/03 00:59:52;12.8;0.0;5.5
2024/03/03 00:59:55;17.7;0.0;5.2
2024/03/03 00:59:58;12.0;0.0;3.8
2024/03/03 01:00:02;22.8;2.0;9.9
2024/03/03 01:00:05;37.1;0.8;12.9
2024/03/03 01:00:08;5.0;0.0;2.5
2024/03/03 01:00:10;4.2;0.6;1.8
2024/03/03 01:00:13;13.9;0.0;1.3
2024/03/03 01:00:16;18.8;1.2;4.7
2024/03/03 01:00:19;9.7;0.6;4.5
2024/03/03 01:00:22;18.6;0.0;4.2
2024/03/03 01:00:26;50.4;0.8;10.5
2024/03/03 01:00:30;15.4;0.0;2.3
2024/03/03 01:00:33;9.2;0.0;3.1
2024/03/03 01:00:36;25.7;0.7;3.7
2024/03/03 01:00:39;9.6;0.6;2.4
2024/03/03 01:00:41;13.2;0.9;4.4
2024/03/03 01:00:44;15.5;1.0;3.9
2024/03/03 01:00:47;2.0;0.0;1.3
2024/03/03 01:00:51;15.2;0.0;5.1
2024/03/03 01:00:54;10.1;0.6;3.8
2024/03/03 01:00:57;14.6;1.8;5.8
2024/03/03 01:01:00;26.8;2.8;5.6
2024/03/03 01:01:03;40.0;2.9;14.3
2024/03/03 01:01:06;36.6;3.2;9.7
2024/03/03 01:01:09;12.7;0.6;6.4
2024/03/03 01:01:12;9.7;0.5;1.0
2024/03/03 01:01:15;13.9;0.9;2.6
2024/03/03 01:01:19;12.6;0.0;2.8
2024/03/03 01:01:21;12.4;0.5;4.6
2024/03/03 01:01:23;11.1;0.0;3.5
2024/03/03 01:01:28;4.7;0.0;2.1
2024/03/03 01:01:32;40.6;0.0;6.2
2024/03/03 01:01:36;16.9;2.2;10.1
2024/03/03 01:01:40;43.2;0.6;6.2
2024/03/03 01:01:43;25.9;1.9;5.6
2024/03/03 01:01:46;8.3;1.8;2.8
2024/03/03 01:01:49;13.9;1.0;3.8
2024/03/03 01:01:52;14.2;0.6;4.9
2024/03/03 01:01:55;10.3;0.0;4.5
2024/03/03 01:01:58;20.8;0.0;5.8
2024/03/03 01:02:02;27.5;2.0;9.4
2024/03/03 01:02:05;3.2;0.0;1.3
2024/03/03 01:02:07;4.6;0.7;2.6
2024/03/03 01:02:09;7.5;1.3;2.5
2024/03/03 01:02:12;2.0;0.0;1.3
2024/03/03 01:02:14;3.7;0.6;1.2
2024/03/03 01:02:16;2.6;0.0;1.3
2024/03/03 01:02:18;2.4;0.6;0.6
2024/03/03 01:02:20;3.2;0.0;1.3
2024/03/03 01:02:23;3.8;0.0;1.9
2024/03/03 01:02:25;3.9;0.7;1.3
2024/03/03 01:02:27;3.1;0.6;0.0
2024/03/03 01:02:29;5.3;0.7;3.3
2024/03/03 01:02:31;3.9;0.7;1.3
2024/03/03 01:02:34;2.7;0.0;0.7
2024/03/03 01:02:36;5.3;2.0;2.0
2024/03/03 01:02:38;3.7;0.0;2.1
2024/03/03 01:02:40;2.6;0.6;0.6
2024/03/03 01:02:43;3.9;0.6;0.6
2024/03/03 01:02:45;4.4;0.6;0.6
2024/03/03 01:02:48;4.1;0.0;1.8
2024/03/03 01:02:50;4.6;0.0;1.3
2024/03/03 01:02:52;2.6;0.0;0.6
2024/03/03 01:02:54;3.0;0.6;1.2
2024/03/03 01:02:57;4.4;0.6;1.9
2024/03/03 01:02:59;2.2;0.0;0.6
2024/03/03 01:03:01;4.0;0.0;2.0
2024/03/03 01:03:04;4.0;0.7;0.7
2024/03/03 01:03:06;3.8;0.6;0.6
2024/03/03 01:03:08;2.6;0.0;0.6
2024/03/03 01:03:11;2.5;0.0;1.2
2024/03/03 01:03:13;3.3;0.0;1.7
2024/03/03 01:03:16;2.6;0.0;0.6
2024/03/03 01:03:18;5.9;1.2;2.4
2024/03/03 01:03:20;4.4;1.3;0.6
2024/03/03 01:03:22;4.9;0.6;2.5
2024/03/03 01:03:24;3.9;0.0;1.3
2024/03/03 01:03:27;4.0;0.6;1.1
2024/03/03 01:03:29;2.5;0.6;0.6
2024/03/03 01:03:32;5.3;0.7;2.6
2024/03/03 01:03:34;4.5;1.3;0.6
2024/03/03 01:03:36;6.9;0.7;3.5
2024/03/03 01:03:38;3.8;0.6;1.9
2024/03/03 01:03:41;5.2;0.6;1.3
2024/03/03 01:03:43;3.9;0.0;0.7
2024/03/03 01:03:45;5.7;0.6;1.9
2024/03/03 01:03:47;3.9;0.6;0.6
2024/03/03 01:03:49;2.0;0.0;0.7
2024/03/03 01:03:52;5.2;0.7;1.3
2024/03/03 01:03:54;3.2;0.6;0.6
2024/03/03 01:03:56;2.6;0.7;0.7
2024/03/03 01:03:58;2.6;0.6;0.6
2024/03/03 01:04:00;1.6;0.0;0.5
2024/03/03 01:04:03;3.4;0.7;1.3
2024/03/03 01:04:05;2.0;0.0;0.0
2024/03/03 01:04:07;3.3;0.7;1.3
2024/03/03 01:04:09;4.5;0.6;1.9
2024/03/03 01:04:12;4.0;0.0;2.0
2024/03/03 01:04:14;4.4;0.6;1.3
2024/03/03 01:04:16;3.7;0.6;1.2
2024/03/03 01:04:18;4.4;0.6;1.3
2024/03/03 01:04:20;4.0;0.7;1.3
2024/03/03 01:04:23;2.6;0.0;0.7
2024/03/03 01:04:25;3.7;0.6;1.9
2024/03/03 01:04:28;3.2;1.3;0.6
2024/03/03 01:04:30;4.5;0.6;1.9
2024/03/03 01:04:32;6.3;1.3;1.9
2024/03/03 01:04:34;4.7;0.0;1.3
2024/03/03 01:04:37;3.3;0.7;0.7
2024/03/03 01:04:39;4.4;0.0;3.1
2024/03/03 01:04:41;3.9;0.0;1.3
2024/03/03 01:04:43;3.2;0.0;0.6
2024/03/03 01:04:45;2.6;0.6;0.6
2024/03/03 01:04:48;2.0;0.0;1.3
2024/03/03 01:04:50;3.2;0.0;0.6
2024/03/03 01:04:52;3.8;0.6;1.9
2024/03/03 01:04:54;3.9;0.6;1.9
2024/03/03 01:04:57;3.9;0.0;1.9
2024/03/03 01:04:59;3.3;0.7;1.3
2024/03/03 01:05:01;5.7;1.3;1.3
2024/03/03 01:05:03;3.3;0.7;0.7
2024/03/03 01:05:05;5.1;0.6;2.6
2024/03/03 01:05:07;5.8;0.6;2.6
2024/03/03 01:05:10;3.2;0.0;1.3
2024/03/03 01:05:12;2.9;0.6;1.2
2024/03/03 01:05:14;4.5;0.6;1.3
2024/03/03 01:05:16;4.5;0.0;1.9
2024/03/03 01:05:19;4.6;0.7;1.3
2024/03/03 01:05:21;4.4;0.6;1.2
2024/03/03 01:05:23;2.6;0.6;0.6
2024/03/03 01:05:25;9.9;0.0;7.0
2024/03/03 01:05:28;3.2;0.6;1.3
2024/03/03 01:05:30;3.3;0.7;1.3
2024/03/03 01:05:32;11.1;0.0;1.2
2024/03/03 01:05:34;5.3;0.7;2.6
2024/03/03 01:05:37;3.2;0.6;0.6
2024/03/03 01:05:39;6.6;1.3;2.0
2024/03/03 01:05:41;7.6;1.3;2.5
2024/03/03 01:05:43;6.2;0.6;2.5
2024/03/03 01:05:46;5.4;0.7;1.4
2024/03/03 01:05:48;5.2;0.0;2.6
2024/03/03 01:05:50;6.5;1.3;1.9
2024/03/03 01:05:52;7.8;0.7;2.6
2024/03/03 01:05:54;5.0;0.6;2.5
2024/03/03 01:05:57;4.6;0.7;2.0
2024/03/03 01:05:59;2.7;0.0;0.7
2024/03/03 01:06:01;1.9;0.6;0.0
2024/03/03 01:10:49;84.7;6.5;53.2
2024/03/03 01:10:52;54.6;16.2;25.4
2024/03/03 01:10:54;31.0;3.2;15.1
2024/03/03 01:10:56;13.4;5.4;5.4
2024/03/03 01:10:58;39.5;17.7;17.7
2024/03/03 01:11:00;38.6;6.3;22.0
2024/03/03 01:11:03;83.7;5.4;53.5
2024/03/03 01:11:05;88.5;19.8;54.2
2024/03/03 01:11:07;77.0;5.9;46.1
2024/03/03 01:11:10;20.0;3.8;8.8
2024/03/03 01:11:12;14.9;1.4;8.1
2024/03/03 01:11:14;36.4;3.8;19.7
2024/03/03 01:11:16;35.8;4.5;20.9
2024/03/03 01:11:18;32.6;4.7;13.2
2024/03/03 01:11:21;50.8;3.1;25.4
2024/03/03 01:11:23;37.3;1.4;9.9
2024/03/03 01:11:25;51.6;3.2;29.8
2024/03/03 01:11:28;49.6;5.6;28.8
2024/03/03 01:11:30;41.8;9.0;14.9
2024/03/03 01:11:32;41.7;0.8;18.9
2024/03/03 01:11:34;37.7;2.3;23.1
2024/03/03 01:11:37;34.3;5.1;18.2
2024/03/03 01:11:39;40.3;15.1;13.7
2024/03/03 01:11:41;22.5;2.8;12.0
2024/03/03 01:11:43;14.5;8.6;3.3
2024/03/03 01:11:45;45.3;2.2;24.8
2024/03/03 01:11:48;54.0;4.8;28.2
2024/03/03 01:11:50;13.9;10.1;1.9
2024/03/03 01:11:52;25.2;7.0;11.9
2024/03/03 01:11:54;3.3;0.7;1.3
2024/03/03 01:11:57;8.5;1.6;3.2
2024/03/03 01:11:59;42.1;2.6;25.7
2024/03/03 01:12:01;16.3;3.5;6.4
2024/03/03 01:12:03;2.8;0.6;0.6
2024/03/03 01:12:05;2.0;0.0;0.0
2024/03/03 01:12:08;4.0;0.0;0.7
2024/03/03 01:12:10;2.6;0.7;0.7
2024/03/03 01:12:12;5.6;0.6;1.9
2024/03/03 01:12:15;3.2;0.6;0.6
2024/03/03 01:12:17;4.5;1.3;1.3
2024/03/03 01:12:19;3.9;0.7;0.7
2024/03/03 01:12:21;3.9;0.6;1.3
2024/03/03 01:12:24;5.0;0.0;1.9
2024/03/03 01:12:26;3.6;0.4;1.8
2024/03/03 01:12:28;2.7;0.0;1.6
2024/03/03 01:12:30;1.3;0.0;0.7
2024/03/03 01:12:33;2.5;0.0;0.6
2024/03/03 01:12:35;4.7;0.6;1.7
2024/03/03 01:12:37;3.8;0.0;1.3
2024/03/03 01:12:39;4.1;0.0;2.4
2024/03/03 01:12:41;3.9;0.0;1.9
2024/03/03 01:12:44;4.2;0.6;2.4
2024/03/03 01:12:46;2.5;0.6;0.6
2024/03/03 01:12:48;3.1;0.6;1.2
2024/03/03 01:12:50;2.3;0.6;1.1
2024/03/03 01:12:53;2.3;0.0;1.4
2024/03/03 01:12:55;2.5;0.0;0.6
2024/03/03 01:12:57;2.9;0.5;1.5
2024/03/03 01:12:59;3.5;0.6;1.2
2024/03/03 01:13:02;3.8;0.6;1.3
2024/03/03 01:13:04;5.0;0.6;1.9
2024/03/03 01:13:07;2.0;0.5;0.5
2024/03/03 01:13:09;3.0;0.0;1.2
2024/03/03 01:13:12;4.4;0.6;1.2
2024/03/03 01:13:14;6.5;0.0;3.2
2024/03/03 01:13:16;8.4;2.6;2.6
2024/03/03 01:13:18;5.3;0.0;2.7
2024/03/03 01:13:20;4.4;0.0;2.5
2024/03/03 01:13:23;5.7;0.6;1.9
2024/03/03 01:13:25;4.3;0.6;1.2
2024/03/03 01:13:27;3.2;0.0;1.3
2024/03/03 01:13:29;5.8;0.0;2.6
2024/03/03 01:13:32;3.8;0.6;1.2
2024/03/03 01:13:34;3.0;0.0;1.8
2024/03/03 01:13:36;3.9;1.3;0.7
2024/03/03 01:13:38;5.8;0.6;1.9
2024/03/03 01:13:40;3.7;0.6;1.2
2024/03/03 01:13:43;4.7;0.6;1.8
2024/03/03 01:13:45;2.0;0.0;0.7
2024/03/03 01:13:47;4.4;0.6;1.9
2024/03/03 01:13:49;3.2;0.6;1.3
2024/03/03 01:13:52;5.2;1.3;1.3
2024/03/03 01:13:54;4.4;0.6;1.3
2024/03/03 01:13:56;5.9;0.7;2.6
2024/03/03 01:13:59;3.9;0.0;2.0
2024/03/03 01:14:01;8.3;0.7;5.6
2024/03/03 01:14:03;4.0;0.0;2.0
2024/03/03 01:14:05;3.3;0.7;0.7
2024/03/03 01:14:08;3.4;0.0;1.3
2024/03/03 01:14:10;3.2;0.0;0.6
2024/03/03 01:14:12;2.3;0.0;1.2
2024/03/03 01:14:14;2.9;0.0;1.2
2024/03/03 01:14:17;6.0;0.0;2.6
2024/03/03 01:14:19;2.6;0.0;0.7
2024/03/03 01:14:21;2.9;0.0;1.2
2024/03/03 01:14:23;3.3;0.7;1.3
2024/03/03 01:14:25;3.8;0.6;1.3
2024/03/03 01:14:27;3.3;0.7;0.7
2024/03/03 01:14:30;2.6;0.0;1.3
2024/03/03 01:14:32;2.6;0.0;1.3
2024/03/03 01:14:34;5.1;0.6;0.6
2024/03/03 01:14:36;3.2;0.6;0.6
2024/03/03 01:14:39;5.1;0.6;1.9
2024/03/03 01:14:41;3.3;0.0;0.7
2024/03/03 01:14:43;3.9;0.7;0.7
2024/03/03 01:14:45;5.7;1.3;1.3
2024/03/03 01:14:47;3.3;0.0;2.0
2024/03/03 01:14:50;2.0;0.0;1.3
2024/03/03 01:14:52;3.9;0.6;1.3
2024/03/03 01:14:54;4.6;0.0;1.3
2024/03/03 01:14:56;2.6;0.0;0.6
2024/03/03 01:14:59;2.6;0.0;0.7
2024/03/03 01:15:01;5.2;0.7;2.0
2024/03/03 01:15:03;3.3;0.0;0.7
2024/03/03 01:15:05;4.5;0.0;2.6
2024/03/03 01:15:08;3.3;0.0;1.3
2024/03/03 01:15:10;5.7;1.3;2.5
2024/03/03 01:15:12;3.3;0.0;2.0
2024/03/03 01:15:14;3.3;0.0;1.3
2024/03/03 01:15:17;3.2;0.0;0.6
2024/03/03 01:15:19;5.9;1.3;2.6
2024/03/03 01:15:21;5.0;0.6;1.2
2024/03/03 01:15:23;2.5;1.2;0.6
2024/03/03 01:15:25;3.9;0.0;1.3
2024/03/03 01:15:28;3.9;0.6;1.9
2024/03/03 01:15:30;2.7;0.0;1.3
2024/03/03 01:15:32;5.4;0.0;2.7
2024/03/03 01:15:34;4.4;0.6;1.9
2024/03/03 01:15:36;2.6;0.0;1.3
2024/03/03 01:15:39;4.2;1.2;1.8
2024/03/03 01:15:41;2.0;0.7;0.0
2024/03/03 01:15:43;4.0;0.0;1.3
2024/03/03 01:15:45;4.6;0.7;1.3
2024/03/03 01:15:47;3.9;0.0;0.7
2024/03/03 01:15:49;27.7;2.8;13.5
2024/03/03 01:15:52;3.3;0.0;1.3
2024/03/03 01:15:54;3.1;0.6;1.2
2024/03/03 01:15:56;4.6;0.7;1.3
2024/03/03 01:15:58;5.4;0.7;1.4
2024/03/03 01:16:01;4.6;0.7;1.3
2024/03/03 01:16:03;3.9;0.7;1.3
2024/03/03 01:16:05;4.6;0.0;2.0
2024/03/03 01:16:07;5.1;0.6;1.3
2024/03/03 01:16:09;5.1;0.6;1.9
2024/03/03 01:16:11;5.8;1.3;1.9
2024/03/03 01:16:14;6.0;2.0;1.3
2024/03/03 01:16:16;2.6;0.0;2.0
2024/03/03 01:16:18;2.6;0.0;1.3
2024/03/03 01:16:20;3.3;0.0;0.0
2024/03/03 01:16:23;6.2;0.6;2.5
2024/03/03 01:16:25;32.1;2.9;24.1
2024/03/03 01:16:27;5.5;0.7;2.7
2024/03/03 01:16:29;5.7;1.3;2.5
2024/03/03 01:16:31;2.6;0.0;1.3
2024/03/03 01:16:33;5.1;0.0;2.6
2024/03/03 01:16:36;3.8;0.6;1.9
2024/03/03 01:16:38;3.9;0.0;1.9
2024/03/03 01:16:40;2.6;0.6;1.3
2024/03/03 01:16:42;3.9;0.6;1.3
2024/03/03 01:16:44;22.8;0.8;17.1
2024/03/03 01:16:47;2.5;0.6;0.6
2024/03/03 01:16:49;6.0;0.0;4.0
2024/03/03 01:16:51;5.8;0.6;2.6
2024/03/03 01:16:53;3.7;0.0;2.5
2024/03/03 01:16:55;3.3;0.7;1.3
2024/03/03 01:16:58;2.6;0.6;0.6
2024/03/03 01:17:00;4.7;0.7;2.0
2024/03/03 01:17:02;2.9;0.6;1.2
2024/03/03 01:17:04;2.5;0.0;0.6
2024/03/03 01:17:06;13.1;0.0;10.2
2024/03/03 01:17:09;2.6;0.0;0.7
2024/03/03 01:17:11;6.3;0.6;2.5
2024/03/03 01:17:13;6.6;0.0;4.6
2024/03/03 01:17:15;4.5;0.0;1.3
2024/03/03 01:17:18;3.9;0.7;1.3
2024/03/03 01:17:20;5.7;0.6;2.3
2024/03/03 01:17:22;3.7;0.0;1.9
2024/03/03 01:17:24;3.9;0.6;1.3
2024/03/03 01:17:26;4.0;0.0;1.3
2024/03/03 01:17:29;5.1;0.6;1.9
2024/03/03 01:17:31;2.6;0.7;0.7
2024/03/03 01:17:33;5.0;0.6;1.9
2024/03/03 01:17:35;2.7;0.0;0.7
2024/03/03 01:17:37;2.6;0.0;1.3
2024/03/03 01:17:39;3.2;0.6;1.3
2024/03/03 01:17:42;3.3;0.0;1.3
2024/03/03 01:17:44;2.5;0.0;0.6
2024/03/03 01:17:46;2.5;0.0;0.6
2024/03/03 01:17:49;3.9;0.0;1.3
2024/03/03 01:17:51;3.8;0.6;1.3
2024/03/03 01:17:53;4.5;0.0;1.9
2024/03/03 01:17:55;3.8;0.6;1.3
2024/03/03 01:17:57;3.0;0.0;1.8
2024/03/03 01:18:00;3.2;0.6;1.3
2024/03/03 01:18:02;4.5;0.0;0.6
2024/03/03 01:18:04;3.3;0.0;0.0
2024/03/03 01:18:06;3.9;0.0;1.3
2024/03/03 01:18:09;3.2;0.6;1.3
2024/03/03 01:18:11;4.6;0.0;1.3
2024/03/03 01:18:13;3.1;0.0;0.6
2024/03/03 01:18:15;3.4;0.7;0.7
2024/03/03 01:18:17;5.8;0.0;3.2
2024/03/03 01:18:20;5.1;1.3;1.3
2024/03/03 01:18:22;3.3;0.7;0.7
2024/03/03 01:18:24;2.0;0.7;0.0
2024/03/03 01:18:26;3.8;1.3;0.0
2024/03/03 01:18:29;3.3;0.7;1.3
2024/03/03 01:18:31;3.9;0.6;1.3
2024/03/03 01:18:33;5.2;0.6;1.9
2024/03/03 01:18:35;2.7;0.0;0.7
2024/03/03 01:18:37;10.1;0.0;0.7
2024/03/03 01:18:40;6.1;0.0;0.7
2024/03/03 01:18:42;4.0;0.0;2.0
2024/03/03 01:18:44;3.9;0.0;1.3
2024/03/03 01:18:46;5.2;0.0;2.6
2024/03/03 01:18:48;4.7;0.0;3.4
2024/03/03 01:18:50;4.6;0.7;1.3
2024/03/03 01:18:53;6.9;0.6;3.1
2024/03/03 01:18:55;7.1;1.3;2.6
2024/03/03 01:18:57;3.9;0.0;2.0
2024/03/03 01:18:59;1.9;0.0;0.0
2024/03/03 01:19:01;3.2;0.0;1.3
2024/03/03 01:19:04;2.0;0.0;0.7
2024/03/03 01:19:06;2.6;0.0;1.3
2024/03/03 01:19:08;5.8;0.6;1.3
2024/03/03 01:19:10;3.8;0.0;0.6
2024/03/03 01:19:12;2.6;0.0;0.0
2024/03/03 01:19:14;4.5;0.6;1.3
2024/03/03 01:19:17;3.3;0.0;0.0
2024/03/03 01:19:19;3.3;0.7;0.7
2024/03/03 01:19:21;5.3;0.0;2.6
2024/03/03 01:19:23;5.2;0.6;0.6
2024/03/03 01:19:25;3.3;0.7;1.3
2024/03/03 01:19:28;3.3;0.0;1.3
2024/03/03 01:19:30;5.2;0.0;2.6
2024/03/03 01:19:32;2.0;0.0;0.0
2024/03/03 01:19:34;2.7;0.0;0.7
2024/03/03 01:19:36;4.6;0.0;2.0
2024/03/03 01:19:39;2.0;0.0;0.0
2024/03/03 01:19:41;3.3;0.7;1.3
2024/03/03 01:19:43;4.1;0.7;2.0
2024/03/03 01:19:45;2.6;0.0;1.3
2024/03/03 01:19:48;3.2;0.0;1.3
2024/03/03 01:19:50;4.0;0.0;1.3
2024/03/03 01:19:52;3.2;0.0;1.9
2024/03/03 01:19:54;3.3;0.7;0.7
2024/03/03 01:19:56;5.8;0.6;2.6
2024/03/03 01:19:58;3.4;0.7;0.7
2024/03/03 01:20:01;4.4;0.6;1.9
2024/03/03 01:20:03;4.5;0.0;1.9
2024/03/03 01:20:05;2.8;0.0;0.7
2024/03/03 01:20:07;3.3;0.7;0.7
2024/03/03 01:20:09;2.7;0.0;0.7
2024/03/03 01:20:11;2.6;0.0;0.7
2024/03/03 01:20:14;3.9;0.7;1.3
2024/03/03 01:20:16;3.2;0.0;1.9
2024/03/03 01:20:18;13.0;5.5;4.1
2024/03/03 01:20:20;5.5;0.6;1.8
2024/03/03 01:20:22;2.6;0.0;0.6
2024/03/03 01:20:24;3.9;0.0;1.3
2024/03/03 01:20:27;4.7;0.0;2.0
2024/03/03 01:20:29;8.1;0.7;4.7
2024/03/03 01:20:31;4.5;0.6;1.9
2024/03/03 01:20:33;4.2;0.0;1.2
2024/03/03 01:20:35;4.5;0.6;1.9
2024/03/03 01:20:38;3.8;0.6;0.6
2024/03/03 01:20:40;4.6;0.0;2.0
2024/03/03 01:20:42;4.6;0.0;2.0
2024/03/03 01:20:44;2.0;0.0;0.7
2024/03/03 01:20:46;4.5;0.0;1.3
2024/03/03 01:20:49;2.0;0.0;0.7
2024/03/03 01:20:51;4.6;0.0;2.0
2024/03/03 01:20:53;5.1;0.6;1.3
2024/03/03 01:20:55;5.7;1.3;1.3
2024/03/03 01:20:58;4.7;0.7;1.3
2024/03/03 01:21:00;4.6;0.7;0.7
2024/03/03 01:21:02;5.2;0.7;1.3
2024/03/03 01:21:04;3.9;0.0;2.0
2024/03/03 01:21:06;4.7;0.7;2.7
2024/03/03 01:21:08;4.7;0.0;2.0
2024/03/03 01:21:11;3.9;0.0;1.9
2024/03/03 01:21:13;3.5;0.0;1.2
2024/03/03 01:21:15;5.6;0.6;1.9
2024/03/03 01:21:17;5.0;0.6;1.9
2024/03/03 01:21:19;4.6;0.7;2.0
2024/03/03 01:21:22;5.2;0.6;1.3
2024/03/03 01:21:24;3.3;0.7;1.3
2024/03/03 01:21:26;2.6;0.0;1.3
2024/03/03 01:21:28;4.0;0.0;2.0
2024/03/03 01:21:31;3.3;0.0;0.7
2024/03/03 01:21:33;5.2;0.0;2.0
2024/03/03 01:21:35;5.2;0.0;1.3
2024/03/03 01:21:37;2.6;0.0;2.0
2024/03/03 01:21:39;3.4;0.0;2.0
2024/03/03 01:21:42;2.7;0.0;0.7
2024/03/03 01:21:44;4.6;0.0;2.6
2024/03/03 01:21:46;4.5;0.6;0.6
2024/03/03 01:21:48;4.6;0.0;2.6
2024/03/03 01:21:50;2.6;0.0;1.3
2024/03/03 01:21:53;3.3;0.7;1.3
2024/03/03 01:21:55;3.3;0.0;1.3
2024/03/03 01:21:57;3.9;0.6;1.3
2024/03/03 01:21:59;5.2;0.0;1.9
2024/03/03 01:22:01;2.7;0.0;1.3
2024/03/03 01:22:04;3.8;0.6;1.9
2024/03/03 01:22:06;4.5;0.6;1.9
2024/03/03 01:22:08;2.7;0.0;0.7
2024/03/03 01:22:10;4.5;0.0;1.9
2024/03/03 01:22:12;3.4;0.0;1.4
2024/03/03 01:22:15;3.9;0.7;0.0
2024/03/03 01:22:17;4.0;0.7;1.3
2024/03/03 01:22:19;2.0;0.0;0.0
2024/03/03 01:22:21;4.0;0.0;1.3
2024/03/03 01:22:23;4.0;0.7;1.3
2024/03/03 01:22:25;2.7;0.0;0.7
2024/03/03 01:22:28;3.3;0.0;1.3
2024/03/03 01:22:30;4.5;0.6;1.9
2024/03/03 01:22:32;3.4;0.0;2.0
2024/03/03 01:22:34;2.5;0.0;0.6
2024/03/03 01:22:37;5.4;0.0;2.0
2024/03/03 01:22:39;3.9;0.0;1.3
2024/03/03 01:22:41;3.3;0.7;2.0
2024/03/03 01:22:43;5.0;0.6;2.5
2024/03/03 01:22:45;3.3;0.0;1.3
2024/03/03 01:22:48;5.7;0.6;2.5
2024/03/03 01:22:50;5.2;0.6;0.6
2024/03/03 01:22:52;2.6;0.0;0.7
2024/03/03 01:22:54;4.0;0.7;0.7
2024/03/03 01:22:57;2.0;0.0;0.7
2024/03/03 01:22:59;4.6;0.0;2.0
2024/03/03 01:23:01;7.1;0.6;3.2
2024/03/03 01:23:03;3.8;0.0;1.9
2024/03/03 01:23:06;3.8;0.0;1.2
2024/03/03 01:23:08;4.5;0.6;1.3
2024/03/03 01:23:10;5.1;0.0;1.9
2024/03/03 01:23:12;3.8;0.0;1.3
2024/03/03 01:23:14;3.9;0.0;0.7
2024/03/03 01:23:16;2.0;0.0;0.7
2024/03/03 01:23:19;2.6;0.0;0.7
2024/03/03 01:23:21;4.5;1.3;0.6
2024/03/03 01:23:23;4.7;0.7;1.3
2024/03/03 01:23:25;4.5;1.3;1.3
2024/03/03 01:23:28;2.7;0.0;0.7
2024/03/03 01:23:30;2.6;0.0;0.6
2024/03/03 01:23:32;5.3;0.7;2.0
2024/03/03 01:23:34;3.8;0.6;1.3
2024/03/03 01:23:37;4.0;0.0;1.3
2024/03/03 01:23:39;2.7;0.0;0.7
2024/03/03 01:23:41;4.1;0.7;1.4
2024/03/03 01:23:43;4.0;0.0;1.3
2024/03/03 01:23:46;2.6;0.0;1.3
2024/03/03 01:23:48;3.9;0.0;1.3
2024/03/03 01:23:50;4.5;0.6;1.3
2024/03/03 01:23:52;4.0;0.0;1.3
2024/03/03 01:23:54;4.0;0.0;1.3
2024/03/03 01:23:56;5.1;0.6;1.9
2024/03/03 01:23:59;2.7;0.0;0.7
2024/03/03 01:24:01;3.2;0.6;0.6
2024/03/03 01:24:03;3.2;0.6;1.3
2024/03/03 01:24:05;3.4;0.0;1.4
2024/03/03 01:24:08;3.4;0.7;0.7
2024/03/03 01:24:10;4.6;0.7;0.7
2024/03/03 01:24:12;2.6;0.7;1.3
2024/03/03 01:24:14;5.1;0.0;1.9
2024/03/03 01:24:16;3.2;0.6;1.3
2024/03/03 01:24:18;2.6;0.0;0.7
2024/03/03 01:24:21;3.3;0.0;0.7
2024/03/03 01:24:23;4.3;0.0;1.2
2024/03/03 01:24:25;3.9;0.0;2.0
2024/03/03 01:24:27;9.5;0.0;5.4
2024/03/03 01:24:29;4.0;0.0;2.0
2024/03/03 01:24:31;5.2;1.3;1.3
2024/03/03 01:24:34;5.3;0.7;1.3
2024/03/03 01:24:36;24.8;1.7;16.5
2024/03/03 01:24:38;4.5;0.6;1.3
2024/03/03 01:24:40;4.7;1.3;0.7
2024/03/03 01:24:42;2.7;0.0;1.3
2024/03/03 01:24:45;4.0;0.0;1.3
2024/03/03 01:24:47;5.8;0.0;2.6
2024/03/03 01:24:49;2.6;0.6;0.0
2024/03/03 01:24:51;5.1;0.6;1.9
2024/03/03 01:24:53;3.3;0.0;2.0
2024/03/03 01:24:55;3.9;0.6;1.3
2024/03/03 01:24:58;3.9;0.7;1.3
2024/03/03 01:25:00;5.2;0.0;1.3
2024/03/03 01:25:02;4.6;0.0;1.3
2024/03/03 01:25:04;3.3;0.7;0.7
2024/03/03 01:25:06;5.5;0.0;3.4
2024/03/03 01:25:09;3.9;0.0;1.3
2024/03/03 01:25:11;3.2;0.0;1.3
2024/03/03 01:25:13;2.6;0.0;1.3
2024/03/03 01:25:15;5.2;0.0;2.6
2024/03/03 01:25:18;4.6;0.0;2.0
2024/03/03 01:25:20;8.3;2.1;3.4
2024/03/03 01:25:22;4.6;0.0;1.3
2024/03/03 01:25:24;30.2;1.6;20.6
2024/03/03 01:25:26;29.3;4.5;20.3
2024/03/03 01:25:28;32.6;8.3;16.7
2024/03/03 01:25:31;4.7;0.7;2.7
2024/03/03 01:25:33;3.3;0.7;0.0
2024/03/03 01:25:35;5.8;0.6;1.9
2024/03/03 01:25:37;3.9;0.6;0.6
2024/03/03 01:25:39;4.3;0.0;0.6
2024/03/03 01:25:42;4.5;0.6;1.3
2024/03/03 01:25:44;4.6;0.0;1.3
2024/03/03 01:25:46;11.1;3.7;5.2
2024/03/03 01:25:48;6.7;1.3;2.0
2024/03/03 01:25:50;10.0;2.1;5.0
2024/03/03 01:25:53;4.5;0.0;1.9
2024/03/03 01:25:55;3.3;0.0;1.3
2024/03/03 01:25:57;7.7;3.2;1.3
2024/03/03 01:25:59;3.8;0.6;1.9
2024/03/03 01:26:01;6.8;1.4;3.4
2024/03/03 01:26:03;5.8;0.6;1.3
2024/03/03 01:26:06;12.7;0.0;6.0
2024/03/03 01:26:08;4.6;0.0;1.3
2024/03/03 01:26:10;6.0;0.0;3.4
2024/03/03 01:26:12;5.8;0.6;2.6
2024/03/03 01:26:14;2.6;0.0;1.3
2024/03/03 01:26:17;9.2;0.0;5.6
2024/03/03 01:26:19;3.8;0.6;1.3
2024/03/03 01:26:21;5.8;0.6;3.2
2024/03/03 01:26:23;6.8;0.7;2.7
2024/03/03 01:26:25;4.5;0.0;1.9
2024/03/03 01:26:28;7.2;1.3;2.0
2024/03/03 01:26:30;4.0;0.0;0.7
2024/03/03 01:26:32;5.1;0.6;2.6
2024/03/03 01:26:34;4.1;0.0;2.1
2024/03/03 01:26:36;5.8;0.6;1.9
2024/03/03 01:26:38;3.2;0.0;1.3
2024/03/03 01:26:41;3.4;0.0;0.0
2024/03/03 01:26:43;2.7;0.7;0.0
2024/03/03 01:26:45;3.3;0.7;0.7
2024/03/03 01:26:47;5.8;0.6;1.9
2024/03/03 01:26:49;2.0;0.0;0.7
2024/03/03 01:26:52;7.3;0.7;2.6
2024/03/03 01:26:54;2.6;0.0;0.7
2024/03/03 01:26:56;4.0;0.0;1.3
2024/03/03 01:26:58;2.6;0.6;0.0
2024/03/03 01:27:00;4.6;0.7;1.3
2024/03/03 01:27:02;3.9;0.7;0.7
2024/03/03 01:27:05;8.1;1.4;3.4
2024/03/03 01:27:07;3.8;0.6;1.3
2024/03/03 01:27:09;20.0;1.4;12.1
2024/03/03 01:27:11;4.5;0.6;1.9
2024/03/03 01:27:14;3.1;0.0;1.3
2024/03/03 01:27:16;5.0;0.0;3.1
2024/03/03 01:27:18;4.6;0.7;0.7
2024/03/03 01:27:20;3.8;0.0;1.3
2024/03/03 01:27:22;4.9;0.0;3.1
2024/03/03 01:27:25;5.3;0.0;2.0
2024/03/03 01:27:27;3.5;0.0;1.8
2024/03/03 01:27:29;3.9;0.0;0.7
2024/03/03 01:27:31;3.9;0.0;1.3
2024/03/03 01:27:33;4.5;0.6;1.9
2024/03/03 01:27:36;2.6;0.0;0.6
2024/03/03 01:27:38;5.1;0.0;1.3
2024/03/03 01:27:40;4.6;0.0;1.3
2024/03/03 01:27:43;2.7;0.0;0.7
2024/03/03 01:27:45;3.2;0.0;1.3
2024/03/03 01:27:47;3.9;0.0;1.3
2024/03/03 01:27:49;6.0;0.7;2.0
2024/03/03 01:27:51;4.6;0.0;2.0
2024/03/03 01:27:53;3.4;0.0;0.7
2024/03/03 01:27:56;4.5;0.0;1.3
2024/03/03 01:27:58;21.9;7.3;9.9
2024/03/03 01:28:00;2.7;0.0;0.7
2024/03/03 01:28:02;2.5;0.6;0.6
2024/03/03 01:28:04;4.7;0.0;0.7
2024/03/03 01:28:07;3.3;0.0;1.3
2024/03/03 01:28:09;5.0;0.6;1.9
2024/03/03 01:28:11;6.0;0.0;2.6
2024/03/03 01:28:13;4.1;0.0;2.0
2024/03/03 01:28:15;3.2;0.6;1.9
2024/03/03 01:28:17;4.7;0.0;2.0
2024/03/03 01:28:20;3.9;0.6;1.3
2024/03/03 01:28:22;4.0;0.0;1.3
2024/03/03 01:28:24;5.8;0.6;2.6
2024/03/03 01:28:26;6.5;0.7;2.0
2024/03/03 01:28:29;2.0;0.7;0.7
2024/03/03 01:28:31;3.9;0.7;1.3
2024/03/03 01:28:33;5.9;0.7;2.6
2024/03/03 01:28:35;4.6;0.7;1.3
2024/03/03 01:28:37;3.7;0.6;0.6
2024/03/03 01:28:39;4.5;0.6;1.9
2024/03/03 01:28:42;4.0;0.7;1.3
2024/03/03 01:28:44;3.9;0.0;0.6
2024/03/03 01:28:46;5.3;0.7;2.0
2024/03/03 01:28:48;3.6;0.0;1.2
2024/03/03 01:28:50;4.4;0.6;1.2
2024/03/03 01:28:53;3.3;0.7;0.7
2024/03/03 01:28:55;1.3;0.0;0.0
2024/03/03 01:28:57;2.6;0.7;0.0
2024/03/03 01:28:59;4.8;0.0;2.7
2024/03/03 01:29:02;4.5;0.6;1.3
2024/03/03 01:29:04;5.2;0.0;2.6
2024/03/03 01:29:06;3.3;0.0;1.3
2024/03/03 01:29:08;3.3;0.0;1.3
2024/03/03 01:29:11;4.5;0.0;1.3
2024/03/03 01:29:13;4.5;0.0;1.3
2024/03/03 01:29:15;3.8;0.6;1.9
2024/03/03 01:29:17;2.6;0.0;0.6
2024/03/03 01:29:19;3.9;0.0;2.0
2024/03/03 01:29:22;1.9;0.6;0.0
2024/03/03 01:29:24;3.2;0.0;1.3
2024/03/03 01:29:26;3.9;0.7;0.7
2024/03/03 01:29:28;3.9;0.0;1.3
2024/03/03 01:29:30;2.0;0.0;0.7
2024/03/03 01:29:33;5.1;0.6;1.3
2024/03/03 01:29:35;5.3;0.7;1.3
2024/03/03 01:29:37;4.0;0.0;1.3
2024/03/03 01:29:39;4.7;0.0;1.3
2024/03/03 01:29:41;4.5;0.0;1.9
2024/03/03 01:29:43;5.3;0.7;2.6
2024/03/03 01:29:46;2.6;0.0;0.7
2024/03/03 01:29:48;1.3;0.0;0.0
2024/03/03 01:29:50;4.5;0.0;1.9
2024/03/03 01:29:52;5.1;0.6;1.3
2024/03/03 01:29:54;4.5;0.0;3.2
2024/03/03 01:29:57;3.3;0.7;1.3
2024/03/03 01:29:59;4.5;1.3;0.6
2024/03/03 01:30:01;3.3;0.0;2.0
2024/03/03 01:30:03;4.1;0.0;1.4
2024/03/03 01:30:05;3.9;0.0;1.3
2024/03/03 01:30:08;2.5;0.6;0.6
2024/03/03 01:30:10;4.5;0.0;1.3
2024/03/03 01:30:12;2.6;0.0;1.3
2024/03/03 01:30:14;1.3;0.0;0.0
2024/03/03 01:30:16;2.0;0.0;0.7
2024/03/03 01:30:19;5.4;0.7;2.7
2024/03/03 01:30:21;4.0;0.0;1.3
2024/03/03 01:30:23;6.2;0.6;2.5
2024/03/03 01:30:25;3.3;0.7;0.7
2024/03/03 01:30:27;3.7;0.6;1.9
2024/03/03 01:30:30;9.9;1.3;4.6
2024/03/03 01:30:32;3.9;0.7;1.3
2024/03/03 01:30:34;3.9;0.0;2.0
2024/03/03 01:30:36;8.7;0.7;2.9
2024/03/03 01:30:38;4.6;0.7;1.3
2024/03/03 01:30:41;4.6;0.7;2.0
2024/03/03 01:30:43;3.9;0.0;2.0
2024/03/03 01:30:45;4.5;1.3;1.3
2024/03/03 01:30:47;4.6;0.7;1.3
2024/03/03 01:30:49;6.8;1.4;1.4
2024/03/03 01:30:52;4.7;0.0;1.3
2024/03/03 01:30:54;2.6;0.7;0.7
2024/03/03 01:30:56;1.9;0.0;0.0
2024/03/03 01:30:58;4.5;0.0;1.3
2024/03/03 01:31:01;6.4;0.0;3.5
2024/03/03 01:31:03;4.5;0.6;0.6
2024/03/03 01:31:05;5.2;0.0;2.6
2024/03/03 01:31:07;3.2;0.0;1.3
2024/03/03 01:31:09;5.3;0.7;2.0
2024/03/03 01:31:12;4.6;0.7;1.3
2024/03/03 01:31:14;4.4;1.3;0.6
2024/03/03 01:31:16;5.3;0.0;2.0
2024/03/03 01:31:18;3.3;0.7;1.3
2024/03/03 01:31:20;4.6;0.7;1.3
2024/03/03 01:31:23;5.9;0.7;2.6
2024/03/03 01:31:25;4.4;0.6;1.3
2024/03/03 01:31:27;4.0;0.0;1.3
2024/03/03 01:31:29;4.8;0.0;2.0
2024/03/03 01:31:31;4.7;0.7;1.4
2024/03/03 01:31:34;4.5;0.6;1.9
2024/03/03 01:31:36;2.7;0.0;0.0
2024/03/03 01:31:38;3.4;0.0;1.4
2024/03/03 01:31:40;4.8;0.0;1.4
2024/03/03 01:31:42;4.6;0.0;2.6
2024/03/03 01:31:45;5.9;0.7;1.3
2024/03/03 01:31:47;3.9;0.6;1.3
2024/03/03 01:31:49;5.4;0.0;2.0
2024/03/03 01:31:51;3.3;0.7;1.3
2024/03/03 01:31:53;2.6;0.7;0.0
2024/03/03 01:31:55;5.7;0.6;3.1
2024/03/03 01:31:58;4.0;0.0;1.3
2024/03/03 01:32:00;3.9;0.0;2.0
2024/03/03 01:32:02;4.7;0.7;1.3
2024/03/03 01:32:04;3.3;0.0;0.7
2024/03/03 01:32:07;5.3;0.7;2.0
2024/03/03 01:32:09;3.9;0.7;1.3
2024/03/03 01:32:11;4.0;0.0;2.0
2024/03/03 01:32:13;4.0;0.0;1.3
2024/03/03 01:32:15;2.0;0.0;0.7
2024/03/03 01:32:17;3.3;0.0;0.7
2024/03/03 01:32:20;4.6;0.0;2.0
2024/03/03 01:32:22;3.3;0.0;0.7
2024/03/03 01:32:24;3.9;0.7;0.7
2024/03/03 01:32:26;3.3;0.7;0.7
2024/03/03 01:32:29;2.7;0.0;0.7
2024/03/03 01:32:31;3.9;0.7;2.0
2024/03/03 01:32:33;4.0;0.0;1.3
2024/03/03 01:32:35;4.0;0.0;1.3
2024/03/03 01:32:37;3.9;0.7;1.3
2024/03/03 01:32:40;4.4;0.0;2.5
2024/03/03 01:32:42;3.1;0.6;0.6
2024/03/03 01:32:44;5.9;0.7;1.3
2024/03/03 01:32:46;6.7;0.7;2.0
2024/03/03 01:32:48;3.3;0.0;0.7
2024/03/03 01:32:50;5.3;0.7;3.9
2024/03/03 01:32:53;4.5;0.6;1.3
2024/03/03 01:32:55;4.6;0.7;0.7
2024/03/03 01:32:57;3.3;0.7;0.7
2024/03/03 01:32:59;6.1;1.4;2.0
2024/03/03 01:33:02;2.7;0.0;0.7
2024/03/03 01:33:04;3.2;0.0;1.3
2024/03/03 01:33:06;3.8;0.6;1.3
2024/03/03 01:33:08;3.2;0.6;1.3
2024/03/03 01:33:11;3.9;0.6;0.6
2024/03/03 01:33:13;2.4;0.0;0.6
2024/03/03 01:33:15;4.4;0.6;1.2
2024/03/03 01:33:17;5.1;0.6;1.3
2024/03/03 01:33:19;5.3;0.0;3.3
2024/03/03 01:33:22;5.1;0.0;1.9
2024/03/03 01:33:24;4.7;0.0;1.3
2024/03/03 01:33:26;4.0;0.0;1.3
2024/03/03 01:33:28;4.3;0.0;2.5
2024/03/03 01:33:31;2.6;0.0;2.0
2024/03/03 01:33:33;3.4;0.0;1.4
2024/03/03 01:33:35;3.8;0.6;1.3
2024/03/03 01:33:37;3.7;0.0;0.0
2024/03/03 01:33:39;5.9;1.3;2.0
2024/03/03 01:33:42;4.6;0.0;2.0
2024/03/03 01:33:44;2.6;0.0;0.7
2024/03/03 01:33:46;3.9;0.0;0.7
2024/03/03 01:33:48;100.0;0.0;0.0
2024/03/03 01:48:42;5.7;0.6;2.3
2024/03/03 01:48:44;2.7;0.0;1.1
2024/03/03 01:48:47;3.9;0.0;1.9
2024/03/03 01:48:49;3.9;0.6;0.6
2024/03/03 01:48:51;9.7;2.6;2.6
2024/03/03 01:48:53;34.1;10.4;16.3
2024/03/03 01:48:55;13.2;1.4;7.6
2024/03/03 01:48:58;8.1;2.0;3.4
2024/03/03 01:49:00;6.5;2.6;1.3
2024/03/03 01:49:02;4.0;0.0;2.0
2024/03/03 01:49:04;11.1;0.7;5.6
2024/03/03 01:49:06;29.5;5.4;13.2
2024/03/03 01:49:08;6.1;0.7;2.0
2024/03/03 01:49:11;3.9;0.0;1.3
2024/03/03 01:49:13;34.2;10.8;15.0
2024/03/03 01:49:15;5.3;0.7;2.0
2024/03/03 01:49:17;8.2;1.4;3.4
2024/03/03 01:49:19;5.5;0.6;1.8
2024/03/03 01:49:22;5.3;0.7;2.0
2024/03/03 01:49:24;7.4;0.0;2.9
2024/03/03 01:49:26;3.9;0.0;1.3
2024/03/03 01:49:28;6.9;0.7;4.1
2024/03/03 01:49:30;2.6;0.0;0.6
2024/03/03 01:49:33;3.4;0.7;1.4
2024/03/03 01:49:35;7.4;1.3;2.7
2024/03/03 01:49:37;5.0;0.6;2.5
2024/03/03 01:49:39;4.3;0.6;1.9
2024/03/03 01:49:42;4.1;0.5;1.5
2024/03/03 01:49:44;5.4;0.7;2.7
2024/03/03 01:49:47;3.8;0.0;1.9
2024/03/03 01:49:49;5.8;0.0;3.2
2024/03/03 01:49:51;5.9;0.7;2.0
2024/03/03 01:49:53;3.2;0.6;0.6
2024/03/03 01:49:56;2.6;0.0;1.3
2024/03/03 01:49:58;5.0;0.6;1.9
2024/03/03 01:50:00;4.3;1.2;1.2
2024/03/03 01:50:02;3.1;0.6;1.2
2024/03/03 01:50:04;1.6;0.0;1.1
2024/03/03 01:50:07;3.4;0.0;1.4
2024/03/03 01:50:09;5.2;0.6;1.9
2024/03/03 01:50:11;3.3;1.3;0.7
2024/03/03 01:50:13;4.3;0.6;1.2
2024/03/03 01:50:16;2.8;0.6;0.6
2024/03/03 01:50:18;2.7;0.0;1.3
2024/03/03 01:50:20;5.1;0.0;2.5
2024/03/03 01:50:22;2.6;0.7;0.0
2024/03/03 01:50:24;3.2;0.0;0.6
2024/03/03 01:50:27;4.5;0.0;2.6
2024/03/03 01:50:29;3.8;0.6;0.6
2024/03/03 01:50:31;5.0;0.0;1.9
2024/03/03 01:50:33;3.8;0.6;0.6
2024/03/03 01:50:36;3.5;0.0;1.0
2024/03/03 01:50:38;1.9;0.0;0.6
2024/03/03 01:50:40;4.8;0.0;2.4
2024/03/03 01:50:42;3.2;0.6;0.0
2024/03/03 01:50:45;3.9;0.6;0.6
2024/03/03 01:50:47;1.7;0.3;0.6
2024/03/03 01:50:49;3.0;0.0;1.2
2024/03/03 01:50:51;3.2;0.0;1.3
2024/03/03 01:50:54;3.3;0.7;0.7
2024/03/03 01:50:56;5.8;0.6;1.9
2024/03/03 01:50:58;4.3;0.0;1.6
2024/03/03 01:51:01;3.9;0.7;0.7
2024/03/03 01:51:03;3.9;0.6;0.6
2024/03/03 01:51:05;3.6;0.6;1.2
2024/03/03 01:51:07;3.2;0.6;1.3
2024/03/03 01:51:10;3.3;0.7;1.3
2024/03/03 01:51:12;5.3;0.7;1.3
2024/03/03 01:51:14;5.3;0.0;1.3
2024/03/03 01:51:16;2.0;0.0;0.7
2024/03/03 01:51:19;1.4;0.0;0.7
2024/03/03 01:51:21;4.2;0.6;2.4
2024/03/03 01:51:23;3.2;0.6;1.3
2024/03/03 01:51:25;3.3;0.7;0.0
2024/03/03 01:51:28;3.9;0.0;1.3
2024/03/03 01:51:30;3.8;0.0;1.3
2024/03/03 01:51:32;2.5;0.0;1.3
2024/03/03 01:51:34;6.3;0.6;1.9
2024/03/03 01:51:36;6.3;0.6;1.9
2024/03/03 01:51:39;3.9;0.0;1.3
2024/03/03 01:51:41;2.0;0.0;0.7
2024/03/03 01:51:43;3.1;0.6;0.6
2024/03/03 01:51:45;4.5;0.6;1.9
2024/03/03 01:51:47;3.3;0.7;0.7
2024/03/03 01:51:50;3.8;0.0;2.5
2024/03/03 01:51:52;4.8;0.6;1.8
2024/03/03 01:51:54;4.5;0.6;1.9
2024/03/03 01:51:56;4.5;0.6;2.5
2024/03/03 01:51:58;3.8;0.0;1.9
2024/03/03 01:52:00;5.3;1.3;2.0
2024/03/03 01:52:03;8.8;2.0;4.1
2024/03/03 01:52:05;4.6;0.7;1.3
2024/03/03 01:52:07;4.1;0.0;2.1
2024/03/03 01:52:09;37.3;9.0;17.9
2024/03/03 01:52:12;3.3;0.7;0.7
2024/03/03 01:52:14;4.7;0.7;2.0
2024/03/03 01:52:16;6.2;0.0;4.1
2024/03/03 01:52:18;3.7;0.6;1.2
2024/03/03 01:52:20;5.2;1.3;1.3
2024/03/03 01:52:23;2.0;0.0;0.7
2024/03/03 01:52:25;4.8;0.6;1.2
2024/03/03 01:52:27;3.9;0.0;1.3
2024/03/03 01:52:30;3.8;0.6;1.2
2024/03/03 01:52:32;3.9;0.7;1.3
2024/03/03 01:52:34;3.9;0.6;1.1
2024/03/03 01:52:37;5.2;0.5;2.1
2024/03/03 01:52:39;3.2;0.0;1.3
2024/03/03 01:52:41;3.4;0.0;1.7
2024/03/03 01:52:43;4.5;0.0;2.3
2024/03/03 01:52:46;3.9;0.0;1.3
2024/03/03 01:52:48;4.4;0.6;1.2
2024/03/03 01:52:50;2.5;0.0;0.6
2024/03/03 01:52:52;2.0;0.0;0.5
2024/03/03 01:52:55;3.8;0.0;1.9
2024/03/03 01:52:57;4.0;0.0;2.0
2024/03/03 01:52:59;3.3;0.0;2.0
2024/03/03 01:53:02;3.4;0.5;1.5
2024/03/03 01:53:04;5.1;0.6;1.9
2024/03/03 01:53:06;3.1;0.0;1.2
2024/03/03 01:53:08;3.9;0.0;1.9
2024/03/03 01:53:10;4.6;0.7;1.3
2024/03/03 01:53:13;3.3;0.7;0.7
2024/03/03 01:53:15;4.3;0.6;1.2
2024/03/03 01:53:17;3.3;0.0;1.3
2024/03/03 01:53:19;5.2;0.6;2.6
2024/03/03 01:53:22;35.8;8.8;19.0
2024/03/03 01:53:24;4.6;0.7;1.3
2024/03/03 01:53:26;2.6;0.0;1.3
2024/03/03 01:53:28;4.5;0.6;1.9
2024/03/03 01:53:30;3.9;0.6;0.6
2024/03/03 01:53:33;13.6;0.7;8.8
2024/03/03 01:53:35;6.6;1.2;2.4
2024/03/03 01:53:37;29.8;8.4;12.2
2024/03/03 01:53:39;25.9;7.4;11.1
2024/03/03 01:53:41;4.5;0.6;1.3
2024/03/03 01:53:44;2.7;0.0;0.7
2024/03/03 01:53:46;4.5;0.6;1.9
2024/03/03 01:53:48;4.5;1.3;1.3
2024/03/03 01:53:50;5.1;0.6;1.9
2024/03/03 01:53:52;4.6;0.7;1.3
2024/03/03 01:53:54;2.6;0.0;1.3
2024/03/03 01:53:57;6.6;0.7;2.0
2024/03/03 01:53:59;3.9;0.7;1.3
2024/03/03 01:54:01;3.0;0.6;1.2
2024/03/03 01:54:03;4.6;0.7;2.0
2024/03/03 01:54:06;11.0;0.0;4.1
2024/03/03 01:54:08;5.8;0.0;1.9
2024/03/03 01:54:10;6.7;0.7;2.7
2024/03/03 01:54:12;5.9;0.0;2.6
2024/03/03 01:54:14;3.8;0.0;1.3
2024/03/03 01:54:17;3.3;0.7;0.7
2024/03/03 01:54:19;3.9;0.7;1.3
2024/03/03 01:54:21;4.1;0.0;1.4
2024/03/03 01:54:23;5.4;0.0;2.7
2024/03/03 01:54:25;3.4;0.0;0.7
2024/03/03 01:54:28;4.1;0.0;1.4
2024/03/03 01:54:30;3.9;0.0;1.3
2024/03/03 01:54:32;4.7;0.7;2.0
2024/03/03 01:54:34;3.3;0.7;0.7
2024/03/03 01:54:36;4.5;0.0;2.6
2024/03/03 01:54:39;3.3;0.7;1.3
2024/03/03 01:54:41;3.2;0.0;1.3
2024/03/03 01:54:43;3.2;0.6;0.6
2024/03/03 01:54:45;3.9;0.0;2.0
2024/03/03 01:54:47;4.5;0.6;1.3
2024/03/03 01:54:50;2.7;0.0;1.3
2024/03/03 01:54:52;3.8;0.0;1.9
2024/03/03 01:54:54;4.5;0.6;1.9
2024/03/03 01:54:56;3.8;0.0;0.6
2024/03/03 01:54:58;2.6;0.7;0.7
2024/03/03 01:55:00;3.9;0.0;1.9
2024/03/03 01:55:03;2.0;0.0;0.7
2024/03/03 01:55:05;5.8;1.3;2.6
2024/03/03 01:55:07;3.8;0.0;1.3
2024/03/03 01:55:09;2.7;0.0;0.7
