Timestamp;Capacidad disponible;Capacidad utilizada;% Memoria utilizada
2024/03/04 22:36:09;5117868;107980;3909340
2024/03/04 22:36:14;5117548;108028;3909344
2024/03/04 22:36:19;5099916;108048;3912992
2024/03/04 22:36:24;5103612;108132;3912804
2024/03/04 22:36:29;5100152;108228;3909384
2024/03/04 22:36:34;5097860;108316;3909388
2024/03/04 22:36:40;5104900;108376;3909388
2024/03/04 22:36:45;5104400;108408;3909476
2024/03/04 22:36:50;5100900;108444;3909468
2024/03/04 22:36:55;5105652;108500;3909472
2024/03/04 22:37:00;5105400;108560;3909476
2024/03/04 22:37:05;5102376;108600;3909480
2024/03/04 22:37:10;5102376;108668;3909472
2024/03/04 22:37:15;5102376;108692;3909484
2024/03/04 22:37:20;5100420;108744;3909708
2024/03/04 22:37:25;5100612;108796;3909480
2024/03/04 22:37:30;5100612;108856;3909480
2024/03/04 22:37:35;5105608;108904;3909488
2024/03/04 22:37:40;5105344;108960;3909488
2024/03/04 22:37:45;5105360;109000;3909492
2024/03/04 22:37:51;5101356;109052;3909488
2024/03/04 22:37:56;5101104;109116;3909520
2024/03/04 22:38:01;5105760;109180;3909496
2024/03/04 22:38:06;5105036;109228;3909560
2024/03/04 22:38:11;5104784;109296;3909524
2024/03/04 22:38:16;5095464;109360;3909516
2024/03/04 22:38:21;5095452;109412;3909508
2024/03/04 22:38:26;5096920;109456;3909612
2024/03/04 22:38:31;5096168;109500;3909608
2024/03/04 22:38:36;5095664;109540;3909612
2024/03/04 22:38:41;5094912;109604;3909604
2024/03/04 22:38:47;5095164;109668;3909604
2024/03/04 22:38:52;5095416;109700;3909604
2024/03/04 22:38:57;5094916;109732;3909604
2024/03/04 22:39:03;5094664;109768;3909612
2024/03/04 22:39:08;5094664;109796;3909604
2024/03/04 22:39:13;5093152;109844;3909648
2024/03/04 22:39:18;5089624;109888;3913032
2024/03/04 22:39:23;5089876;109940;3909604
2024/03/04 22:39:28;5094872;109996;3909612
2024/03/04 22:39:33;5090588;110032;3913248
2024/03/04 22:39:39;5093612;110096;3909600
2024/03/04 22:39:44;5097368;110164;3909824
2024/03/04 22:39:49;5098156;110208;3909612
2024/03/04 22:39:54;5096728;110260;3909612
2024/03/04 22:39:59;5096476;110272;3909624
2024/03/04 22:40:04;5030124;110336;3919320
2024/03/04 22:40:10;4951248;110392;3921036
2024/03/04 22:40:15;4950996;110456;3921064
2024/03/04 22:40:20;4947216;110516;3921248
2024/03/04 22:40:25;4946964;110560;3921028
2024/03/04 22:40:30;4946712;110588;3921028
2024/03/04 22:40:35;4951452;110632;3921028
2024/03/04 22:40:40;4950448;110652;3921028
2024/03/04 22:40:45;4950448;110672;3921028
2024/03/04 22:40:51;4950196;110712;3921028
2024/03/04 22:40:56;4949692;110756;3921024
2024/03/04 22:41:01;4949188;110784;3921028
2024/03/04 22:41:06;4948688;110828;3921024
2024/03/04 22:41:11;4948688;110888;3921028
2024/03/04 22:41:16;4948688;110944;3921396
2024/03/04 22:41:21;4947944;110964;3921020
2024/03/04 22:41:26;4947440;111012;3921076
2024/03/04 22:41:31;4946936;111060;3921180
2024/03/04 22:41:36;4946180;111084;3921344
2024/03/04 22:41:41;4942148;111116;3921036
2024/03/04 22:41:46;4947120;111136;3921036
2024/03/04 22:41:51;4947372;111192;3921040
2024/03/04 22:41:56;4952576;111244;3921036
2024/03/04 22:42:01;4952576;111292;3921044
2024/03/04 22:42:06;4957616;111304;3921044
2024/03/04 22:42:11;4956612;111328;3921048
2024/03/04 22:42:16;4956612;111384;3921048
2024/03/04 22:42:21;4956148;111420;3921084
2024/03/04 22:42:26;4955896;111432;3921048
2024/03/04 22:42:32;4955392;111484;3921040
2024/03/04 22:42:37;4951864;111512;3925156
2024/03/04 22:42:42;4948588;111544;3921396
2024/03/04 22:42:47;4948340;111592;3921404
2024/03/04 22:42:52;4944336;111624;3921404
2024/03/04 22:42:57;4949572;111672;3921404
2024/03/04 22:43:02;4948060;111700;3921404
2024/03/04 22:43:07;4943776;111756;3921632
2024/03/04 22:43:12;4942516;111796;3921808
2024/03/04 22:43:17;4941512;111828;3921484
2024/03/04 22:43:22;4925636;111884;3923304
2024/03/04 22:43:27;4925384;111936;3923316
2024/03/04 22:43:32;4924880;111988;3923316
2024/03/04 22:43:37;4930220;112020;3921508
2024/03/04 22:43:42;4929716;112076;3921852
2024/03/04 22:43:47;4924176;112112;3923440
2024/03/04 22:43:52;4923924;112136;3921512
2024/03/04 22:43:57;4928948;112192;3921516
2024/03/04 22:44:02;4928696;112224;3921528
2024/03/04 22:44:07;4924452;112240;3921512
2024/03/04 22:44:12;4898748;112276;3921520
2024/03/04 22:44:17;4898244;112296;3921512
2024/03/04 22:44:22;4897992;112316;3921512
2024/03/04 22:44:27;4897488;112352;3921548
2024/03/04 22:44:32;4893456;112400;3923336
2024/03/04 22:44:37;4891188;112448;3923340
2024/03/04 22:44:42;4892700;112480;3921512
2024/03/04 22:44:48;4891188;112496;3921512
2024/03/04 22:44:53;4887660;112516;3921512
2024/03/04 22:44:58;4935032;112544;3921516
2024/03/04 22:45:03;4937132;112592;3923120
2024/03/04 22:45:08;4941848;112632;3921292
2024/03/04 22:45:13;4941596;112672;3921280
2024/03/04 22:45:18;4941596;112716;3921284
2024/03/04 22:45:23;4942644;112768;3921284
2024/03/04 22:45:28;4942140;112808;3921784
2024/03/04 22:45:33;5114648;112872;3920764
2024/03/04 22:45:38;5113724;112908;3917220
2024/03/04 22:45:43;5037528;112940;3923372
2024/03/04 22:45:48;5032740;112988;3927608
2024/03/04 22:45:53;4956888;113044;3923908
2024/03/04 22:45:58;4956344;113072;3925356
2024/03/04 22:46:03;4952564;113100;3926944
2024/03/04 22:46:08;4951812;113132;3923900
2024/03/04 22:46:13;4948284;113172;3923788
2024/03/04 22:46:19;4948032;113212;3923564
2024/03/04 22:46:24;4944760;113248;3925396
2024/03/04 22:46:29;4951364;113300;3923604
2024/03/04 22:46:34;4949616;113352;3923568
2024/03/04 22:46:39;4946844;113392;3923588
2024/03/04 22:46:44;4946592;113444;3923588
2024/03/04 22:46:49;4942812;113476;3927004
2024/03/04 22:46:54;4944576;113504;3923588
2024/03/04 22:46:59;4944324;113548;3924000
2024/03/04 22:47:04;4940544;113556;3927232
2024/03/04 22:47:09;4940292;113616;3923596
2024/03/04 22:47:14;4945512;113660;3923592
2024/03/04 22:47:19;4945008;113712;3923600
2024/03/04 22:47:24;4945008;113740;3923600
2024/03/04 22:47:29;4945008;113784;3924080
2024/03/04 22:47:34;4944784;113824;3923600
2024/03/04 22:47:39;4944280;113872;3923604
2024/03/04 22:47:44;4943776;113880;3923608
2024/03/04 22:47:49;4943524;113912;3923600
2024/03/04 22:47:54;4943524;113940;3923616
2024/03/04 22:47:59;4943272;114004;3923612
2024/03/04 22:48:04;4941552;114040;3923612
2024/03/04 22:48:09;4941804;114100;3923620
2024/03/04 22:48:14;4941552;114156;3923616
2024/03/04 22:48:20;4946780;114184;3923444
2024/03/04 22:48:25;4946528;114216;3923848
2024/03/04 22:48:30;4946028;114264;3923744
2024/03/04 22:48:35;4945552;114312;3923620
2024/03/04 22:48:40;4945300;114352;3923620
2024/03/04 22:48:45;4945048;114396;3923620
2024/03/04 22:48:50;4944584;114424;3923616
2024/03/04 22:48:55;4936016;114448;3928868
2024/03/04 22:49:00;4935512;114460;3923620
2024/03/04 22:49:05;4934000;114496;3923624
2024/03/04 22:49:10;4933748;114532;3923628
2024/03/04 22:49:15;4933248;114564;3923628
2024/03/04 22:49:20;4923672;114588;3923628
2024/03/04 22:49:25;4923168;114636;3923632
2024/03/04 22:49:30;4923168;114668;3923624
2024/03/04 22:49:35;4928420;114728;3923668
2024/03/04 22:49:40;4928168;114740;3923628
2024/03/04 22:49:45;4928168;114784;3923876
2024/03/04 22:49:50;4911020;114844;3928076
2024/03/04 22:49:55;4812800;114908;3929112
2024/03/04 22:50:01;4697324;114996;3931040
2024/03/04 22:50:06;4720000;115064;3931148
2024/03/04 22:50:11;4677348;115100;3933888
2024/03/04 22:50:16;4672052;115180;3935812
2024/03/04 22:50:21;4680024;115276;3943704
2024/03/04 22:50:26;4697160;115300;3939844
2024/03/04 22:50:31;4737660;115384;3944172
2024/03/04 22:50:36;4677076;115496;3945704
2024/03/04 22:50:41;4645992;115584;3946296
2024/03/04 22:50:46;4624100;115616;3946256
2024/03/04 22:50:51;4594500;115672;3947788
2024/03/04 22:50:56;4506204;115692;3948360
2024/03/04 22:51:01;4529652;115744;3949124
2024/03/04 22:51:06;4469320;115772;3949368
2024/03/04 22:51:12;4381048;115968;3950700
2024/03/04 22:51:17;4360812;116020;3960056
2024/03/04 22:51:22;4296312;116180;3964384
2024/03/04 22:51:27;4213772;116280;3962188
2024/03/04 22:51:32;4207372;116364;3967016
2024/03/04 22:51:37;4143440;116540;3967752
2024/03/04 22:51:42;4247468;116576;3963852
2024/03/04 22:51:47;4301848;116608;3964168
2024/03/04 22:51:52;4302604;116628;3964172
2024/03/04 22:51:57;4146396;116656;3965216
2024/03/04 22:52:03;4303044;116712;3964808
2024/03/04 22:52:08;4310988;116772;3964480
2024/03/04 22:52:13;4315472;116788;3964792
2024/03/04 22:52:18;4316228;116820;3963992
2024/03/04 22:52:23;4320256;116852;3963936
2024/03/04 22:52:28;4320508;116896;3963196
2024/03/04 22:52:33;4325212;116960;3963992
2024/03/04 22:52:38;4338524;117020;3963340
2024/03/04 22:52:43;4338524;117044;3963784
2024/03/04 22:52:48;4338020;117068;3963172
2024/03/04 22:52:53;4338020;117104;3963172
2024/03/04 22:52:58;4337768;117144;3963172
2024/03/04 22:53:04;4341968;117176;3963168
2024/03/04 22:53:09;4341716;117192;3963196
2024/03/04 22:53:14;4341480;117240;3962472
2024/03/04 22:53:19;4341228;117288;3963216
2024/03/04 22:53:24;4308796;117360;3974016
2024/03/04 22:53:29;4308292;117372;3977732
2024/03/04 22:53:34;4307788;117404;3974092
2024/03/04 22:53:39;4308040;117460;3974128
2024/03/04 22:53:44;4304764;117492;3977828
2024/03/04 22:53:49;4308544;117512;3974184
2024/03/04 22:53:55;4305016;117540;3974180
2024/03/04 22:54:00;4305016;117556;3977856
2024/03/04 22:54:05;4305016;117572;3974208
2024/03/04 22:54:10;4307568;117604;3974212
2024/03/04 22:54:15;4303296;117632;3977888
2024/03/04 22:54:20;4306572;117676;3974248
2024/03/04 22:54:25;4308516;117704;3972424
2024/03/04 22:54:30;4304808;117740;3975872
2024/03/04 22:54:35;4306068;117768;3972220
2024/03/04 22:54:40;4305340;117792;3973476
2024/03/04 22:54:45;4304584;117824;3973552
2024/03/04 22:54:50;4304836;117844;3973748
2024/03/04 22:54:55;4301168;117892;3976720
2024/03/04 22:55:00;4301840;117928;3976508
2024/03/04 22:55:05;4302092;117952;3976520
2024/03/04 22:55:10;4302092;117992;3974808
2024/03/04 22:55:15;4302728;118000;3974312
2024/03/04 22:55:20;4302860;118032;3974112
2024/03/04 22:55:25;4302612;118064;3974112
2024/03/04 22:55:30;4301352;118084;3974112
2024/03/04 22:55:35;4296564;118112;3976864
2024/03/04 22:55:40;4295808;118156;3974120
2024/03/04 22:55:45;4278328;118232;3974148
2024/03/04 22:55:50;4282336;118240;3974148
2024/03/04 22:55:56;4284608;118256;3974580
2024/03/04 22:56:01;4286252;118276;3974808
2024/03/04 22:56:06;4286636;118296;3974808
2024/03/04 22:56:11;4288812;118312;3974176
2024/03/04 22:56:16;4289328;118340;3975780
2024/03/04 22:56:21;4294384;118360;3974228
2024/03/04 22:56:26;4292904;118432;3974232
2024/03/04 22:56:31;4292652;118464;3974236
2024/03/04 22:56:36;4291644;118480;3975840
2024/03/04 22:56:41;4287640;118536;3975864
2024/03/04 22:56:46;4318980;118560;3975844
2024/03/04 22:56:51;4309468;118624;3974692
2024/03/04 22:56:56;4308736;118672;3974724
2024/03/04 22:57:01;4309996;118712;3974728
2024/03/04 22:57:06;4306216;118768;3979724
2024/03/04 22:57:11;4305460;118824;3976084
2024/03/04 22:57:16;4300924;118880;3976080
2024/03/04 22:57:21;4301680;118900;3974736
2024/03/04 22:57:26;4289388;118916;3974112
2024/03/04 22:57:31;4292412;118932;3974112
2024/03/04 22:57:36;4292412;118940;3974112
2024/03/04 22:57:41;4292412;118968;3974444
2024/03/04 22:57:46;4304476;119004;3979816
2024/03/04 22:57:52;4305232;119012;3976176
2024/03/04 22:57:57;4308176;119028;3976176
2024/03/04 22:58:02;4273736;119052;3976184
2024/03/04 22:58:07;4273400;119072;3976188
2024/03/04 22:58:12;4269348;119100;3976188
2024/03/04 22:58:17;4273872;119140;3976192
2024/03/04 22:58:22;4273372;119176;3976212
2024/03/04 22:58:27;4274408;119216;3976212
2024/03/04 22:58:32;4274384;119248;3976220
2024/03/04 22:58:37;4274156;119264;3976224
2024/03/04 22:58:42;4273400;119300;3974400
2024/03/04 22:58:47;4272392;119324;3974176
2024/03/04 22:58:52;4267100;119344;3975780
2024/03/04 22:58:57;4265336;119360;3975780
2024/03/04 22:59:02;4261556;119388;3975780
2024/03/04 22:59:07;4261052;119424;3975772
2024/03/04 22:59:12;4265336;119460;3975772
2024/03/04 22:59:17;4264580;119484;3975772
2024/03/04 22:59:22;4263332;119508;3974200
2024/03/04 22:59:27;4257536;119528;3974952
2024/03/04 22:59:33;4258292;119564;3974384
2024/03/04 22:59:38;4252496;119596;3974212
2024/03/04 22:59:43;4247484;119628;3975808
2024/03/04 22:59:48;4251688;119652;3974592
2024/03/04 22:59:53;4230772;119712;3978076
2024/03/04 22:59:58;4196764;119728;3974544
2024/03/04 23:00:03;4184696;119760;3974564
2024/03/04 23:00:09;4174072;119840;3974676
2024/03/04 23:00:15;4164748;119880;3977872
2024/03/04 23:00:21;4158196;119908;3974460
2024/03/04 23:00:26;4151952;119956;3974516
2024/03/04 23:00:31;4150192;119996;3978200
2024/03/04 23:00:36;4152652;120024;3974548
2024/03/04 23:00:42;4148872;120076;3974556
2024/03/04 23:00:47;4519856;120124;3972292
2024/03/04 23:00:52;4425688;120188;3976600
2024/03/04 23:00:57;4372332;120212;3974672
2024/03/04 23:01:03;4377572;120252;3974672
2024/03/04 23:01:08;4341100;120292;3976760
2024/03/04 23:01:13;4339840;120312;3976764
2024/03/04 23:01:18;4340068;120328;3976764
2024/03/04 23:01:23;4322704;120372;3976776
2024/03/04 23:01:28;4280116;120428;3976804
2024/03/04 23:01:33;4279896;120464;3976796
2024/03/04 23:01:38;4281664;120492;3980452
2024/03/04 23:01:43;4283176;120500;3976812
2024/03/04 23:01:48;4287896;120524;3976860
2024/03/04 23:01:53;4285188;120548;3978420
2024/03/04 23:01:58;4277628;120572;3976380
2024/03/04 23:02:03;4273848;120584;3976380
2024/03/04 23:02:08;4273096;120600;3976656
2024/03/04 23:02:13;4273600;120624;3973004
2024/03/04 23:02:18;4259640;120640;3978572
2024/03/04 23:02:24;4260660;120692;3974960
2024/03/04 23:02:29;4260660;120712;3974956
2024/03/04 23:02:34;4260912;120720;3974956
2024/03/04 23:02:39;4257132;120748;3980200
2024/03/04 23:02:44;4260156;120776;3976564
2024/03/04 23:02:49;4263628;120812;3975408
2024/03/04 23:02:54;4263376;120848;3975368
2024/03/04 23:02:59;4246744;120872;3975376
2024/03/04 23:03:04;4246492;120884;3975428
2024/03/04 23:03:09;4245988;120920;3975424
2024/03/04 23:03:14;4248508;120960;3977500
2024/03/04 23:03:19;4245232;120980;3977500
2024/03/04 23:03:24;4245232;120988;3980920
2024/03/04 23:03:29;4244980;121004;3977524
2024/03/04 23:03:34;4244492;121032;3977528
2024/03/04 23:03:39;4242504;121040;3978904
2024/03/04 23:03:44;4242504;121052;3975488
2024/03/04 23:03:49;4242252;121080;3975888
2024/03/04 23:03:54;4242252;121096;3975904
2024/03/04 23:04:00;4242000;121128;3975904
2024/03/04 23:04:05;4241748;121168;3975904
2024/03/04 23:04:10;4241500;121192;3975912
2024/03/04 23:04:15;4251428;121204;3975912
2024/03/04 23:04:20;4251176;121212;3975920
2024/03/04 23:04:25;4250924;121268;3975924
2024/03/04 23:04:30;4245152;121312;3978000
2024/03/04 23:04:35;4240620;121348;3978012
2024/03/04 23:04:40;4240716;121360;3978244
2024/03/04 23:04:45;4240620;121404;3978024
2024/03/04 23:04:50;4240368;121448;3978060
2024/03/04 23:04:55;4241552;121460;3978248
2024/03/04 23:05:00;4240572;121484;3977992
2024/03/04 23:05:05;4236540;121504;3977992
2024/03/04 23:05:10;4238052;121528;3977996
2024/03/04 23:05:15;4238304;121556;3977988
2024/03/04 23:05:20;4242100;121568;3975948
2024/03/04 23:05:25;4249072;121588;3975964
2024/03/04 23:05:30;4248316;121628;3976112
2024/03/04 23:05:35;4245040;121680;3978468
2024/03/04 23:05:40;4249828;121700;3976188
2024/03/04 23:05:45;4243024;121724;3981028
2024/03/04 23:05:51;4242772;121776;3976008
2024/03/04 23:05:56;4245796;121792;3976188
2024/03/04 23:06:01;4245292;121820;3976196
2024/03/04 23:06:06;4245520;121868;3976036
2024/03/04 23:06:11;4245544;121904;3976224
2024/03/04 23:06:16;4242016;121948;3979896
2024/03/04 23:06:21;4241828;122000;3976076
2024/03/04 23:06:26;4236488;122052;3976712
2024/03/04 23:06:31;4232708;122088;3980344
2024/03/04 23:06:36;4232960;122128;3976280
2024/03/04 23:06:42;4232484;122152;3976092
2024/03/04 23:06:47;4231980;122176;3976760
2024/03/04 23:06:52;4231728;122204;3976540
2024/03/04 23:06:57;4231228;122228;3976756
2024/03/04 23:07:02;4231228;122244;3976732
2024/03/04 23:07:07;4230976;122256;3976732
2024/03/04 23:07:12;4230724;122268;3976764
2024/03/04 23:07:17;4230956;122296;3976700
2024/03/04 23:07:22;4234624;122312;3976700
2024/03/04 23:07:27;4276908;122364;3977144
2024/03/04 23:07:32;4278284;122400;3977144
2024/03/04 23:07:37;4278792;122428;3976548
2024/03/04 23:07:42;4281088;122472;3976816
2024/03/04 23:07:47;4281088;122500;3976564
2024/03/04 23:07:52;4279324;122528;3976604
2024/03/04 23:07:57;4279576;122580;3976556
2024/03/04 23:08:02;4283104;122616;3977188
2024/03/04 23:08:07;4287384;122644;3976728
2024/03/04 23:08:12;4286408;122672;3976820
2024/03/04 23:08:17;4282628;122696;3978444
2024/03/04 23:08:22;4282740;122744;3978332
2024/03/04 23:08:27;4281004;122756;3977192
2024/03/04 23:08:32;4266336;122800;3977232
2024/03/04 23:08:37;4271732;122824;3977084
2024/03/04 23:08:43;4274888;122852;3977088
2024/03/04 23:08:48;4274800;122868;3977096
2024/03/04 23:08:53;4275304;122896;3977344
2024/03/04 23:08:58;4275556;122920;3977120
2024/03/04 23:09:03;4276316;122948;3977096
2024/03/04 23:09:08;4282548;122968;3979848
2024/03/04 23:09:13;4278040;122996;3980184
2024/03/04 23:09:18;4281092;123028;3977100
2024/03/04 23:09:23;4280364;123048;3977136
2024/03/04 23:09:28;4277872;123064;3979604
2024/03/04 23:09:33;4277872;123104;3979604
2024/03/04 23:09:38;4277620;123156;3979616
2024/03/04 23:09:43;4273616;123180;3979616
2024/03/04 23:09:48;4271096;123196;3979628
2024/03/04 23:09:53;4279908;123220;3977176
2024/03/04 23:09:58;4277136;123252;3977144
2024/03/04 23:10:03;4276880;123276;3979616
2024/03/04 23:10:08;4276124;123308;3979616
2024/03/04 23:10:14;4276908;123328;3977136
2024/03/04 23:10:19;4284668;123356;3977156
2024/03/04 23:10:24;4283660;123360;3977188
2024/03/04 23:10:29;4282680;123384;3977192
2024/03/04 23:10:34;4282176;123404;3977196
2024/03/04 23:10:39;4278144;123420;3977196
2024/03/04 23:10:44;4277640;123448;3977196
2024/03/04 23:10:49;4253528;123504;3981060
2024/03/04 23:10:54;4245420;123536;3985796
2024/03/04 23:10:59;4208136;123584;3986040
2024/03/04 23:11:04;4166996;123612;3984792
2024/03/04 23:11:09;4158428;123624;3984792
2024/03/04 23:11:14;4160696;123652;3984792
2024/03/04 23:11:19;4155948;123668;3988576
2024/03/04 23:11:24;4157976;123692;3991712
2024/03/04 23:11:30;4143736;123772;3991740
2024/03/04 23:11:35;4140276;123816;3988108
2024/03/04 23:11:40;4139776;123832;3991988
2024/03/04 23:11:45;4146076;123840;3988124
2024/03/04 23:11:50;4147336;123876;3989740
2024/03/04 23:11:55;4114120;123924;3989884
2024/03/04 23:12:00;4114372;123944;3989816
2024/03/04 23:12:05;4111604;123988;3988212
2024/03/04 23:12:10;4112360;124012;3988232
2024/03/04 23:12:15;4115636;124040;3988240
2024/03/04 23:12:20;4115384;124048;3988240
2024/03/04 23:12:25;4155128;124092;3988144
2024/03/04 23:12:30;4154372;124104;3988168
2024/03/04 23:12:35;4154120;124132;3988432
2024/03/04 23:12:40;4152864;124168;3993416
2024/03/04 23:12:45;4150848;124196;3986264
2024/03/04 23:12:50;4151516;124232;3991588
2024/03/04 23:12:55;4147992;124244;3987396
2024/03/04 23:13:00;4152276;124276;3987396
2024/03/04 23:13:06;4151196;124328;3987396
2024/03/04 23:13:11;4150512;124340;3987396
2024/03/04 23:13:16;4146984;124352;3986292
2024/03/04 23:13:21;4145976;124368;3991272
2024/03/04 23:13:26;4147740;124376;3987636
2024/03/04 23:13:31;4145472;124400;3987660
2024/03/04 23:13:36;4143204;124412;3986072
2024/03/04 23:13:41;4142952;124436;3986080
2024/03/04 23:13:46;4142952;124468;3986076
2024/03/04 23:13:51;4142952;124492;3986092
2024/03/04 23:13:56;4139672;124564;3990260
2024/03/04 23:14:01;4120716;124572;3993360
2024/03/04 23:14:06;4128176;124592;3989732
2024/03/04 23:14:11;4136092;124600;3989716
2024/03/04 23:14:16;4137380;124632;3990024
2024/03/04 23:14:21;4136372;124656;3990024
2024/03/04 23:14:26;4133600;124692;3989732
2024/03/04 23:14:31;4132620;124708;3989740
2024/03/04 23:14:36;4128424;124732;3993956
2024/03/04 23:14:42;4097072;124776;3997812
2024/03/04 23:14:47;4099196;124800;3994164
2024/03/04 23:14:52;4098692;124828;3994168
2024/03/04 23:14:57;4099448;124868;3994464
2024/03/04 23:15:02;4101212;124888;3994528
2024/03/04 23:15:07;4100960;124908;3995520
2024/03/04 23:15:12;4097184;124928;3998944
2024/03/04 23:15:17;4098696;124944;3997820
2024/03/04 23:15:22;4098444;124964;3995524
2024/03/04 23:15:27;4096932;124988;3999172
2024/03/04 23:15:32;4099708;125008;3997840
2024/03/04 23:15:37;4100212;125012;3994476
2024/03/04 23:15:42;4097188;125040;3999208
2024/03/04 23:15:47;4096936;125068;3999224
2024/03/04 23:15:52;4097440;125108;3995584
2024/03/04 23:15:57;4094668;125128;3999228
2024/03/04 23:16:02;4094920;125152;3997920
2024/03/04 23:16:07;4094428;125172;3995588
2024/03/04 23:16:12;4096952;125188;3994672
2024/03/04 23:16:18;4101236;125232;3993320
2024/03/04 23:16:23;4104764;125256;3989680
2024/03/04 23:16:28;4102244;125336;3989704
2024/03/04 23:16:33;4101740;125360;3989708
2024/03/04 23:16:38;4101740;125376;3989708
2024/03/04 23:16:43;4101488;125400;3989708
2024/03/04 23:16:48;4101236;125424;3989708
2024/03/04 23:16:53;4100480;125444;3989708
2024/03/04 23:16:58;4089968;125476;3994580
2024/03/04 23:17:03;4073724;125524;3996244
2024/03/04 23:17:08;4074880;125548;3992576
2024/03/04 23:17:13;4074376;125596;3992572
2024/03/04 23:17:18;4081992;125628;3996500
2024/03/04 23:17:23;4063612;125640;3994396
2024/03/04 23:17:28;4061876;125648;3994428
2024/03/04 23:17:33;4065428;125692;3999992
2024/03/04 23:17:38;4060228;125716;3999928
2024/03/04 23:17:43;4046020;125728;3999936
2024/03/04 23:17:48;4046272;125772;3999948
2024/03/04 23:17:53;4099132;125808;3999948
2024/03/04 23:17:58;4136984;125832;3992816
2024/03/04 23:18:03;4133024;125868;3992808
2024/03/04 23:18:08;4131392;125924;3992812
2024/03/04 23:18:14;4114684;125940;3992832
2024/03/04 23:18:19;4118440;125960;3992864
2024/03/04 23:18:24;4113140;125984;3992888
2024/03/04 23:18:29;4098532;126004;3992880
2024/03/04 23:18:34;4095604;126012;3992864
2024/03/04 23:18:39;4089564;126048;3992868
2024/03/04 23:18:44;4100968;126084;3992884
2024/03/04 23:18:49;4103552;126108;3992868
2024/03/04 23:18:54;4090156;126160;3992864
2024/03/04 23:18:59;4113516;126180;3990420
2024/03/04 23:19:04;4109564;126200;3990428
2024/03/04 23:19:09;4102848;126228;3990456
2024/03/04 23:19:14;4112848;126228;3990420
2024/03/04 23:19:19;4100144;126252;3990456
2024/03/04 23:19:24;4095108;126264;3990456
2024/03/04 23:19:29;4086820;126284;3990452
2024/03/04 23:19:34;4081720;126300;3990468
2024/03/04 23:19:39;4084596;126352;3990476
2024/03/04 23:19:44;4068540;126384;3990476
2024/03/04 23:19:49;4063008;126408;3990496
2024/03/04 23:19:54;4063880;126436;3990496
2024/03/04 23:19:59;4120320;126456;3990496
2024/03/04 23:20:05;4122084;126484;3990508
2024/03/04 23:20:10;4130948;126544;3985008
2024/03/04 23:20:15;4133500;126572;3985012
2024/03/04 23:20:20;4135324;126592;3985012
2024/03/04 23:20:25;4134760;126604;3985012
2024/03/04 23:20:30;4140436;126624;3985016
2024/03/04 23:20:36;4141068;126636;3985012
2024/03/04 23:20:41;4136056;126664;3988436
2024/03/04 23:20:46;4119800;126672;3985396
2024/03/04 23:20:52;4120212;126716;3985040
2024/03/04 23:20:57;4117692;126732;3988688
2024/03/04 23:21:02;4143504;126756;3985552
2024/03/04 23:21:07;4143756;126812;3985068
2024/03/04 23:21:12;4139504;126824;3988768
2024/03/04 23:21:17;4139756;126852;3988744
2024/03/04 23:21:22;4143032;126876;3985096
2024/03/04 23:21:27;4138244;126924;3988796
2024/03/04 23:21:32;4138244;126944;3988800
2024/03/04 23:21:38;4142488;126992;3985132
2024/03/04 23:21:43;4145464;127016;3985116
2024/03/04 23:21:48;4141940;127044;3988756
2024/03/04 23:21:53;4142192;127084;3985124
2024/03/04 23:21:58;4139672;127104;3985152
2024/03/04 23:22:04;4142696;127120;3985140
2024/03/04 23:22:09;4142448;127152;3985140
2024/03/04 23:22:14;4142224;127184;3985200
2024/03/04 23:22:19;4142476;127208;3985164
2024/03/04 23:22:24;4142224;127240;3985164
2024/03/04 23:22:30;4145460;127276;3985156
2024/03/04 23:22:35;4144788;127312;3988808
2024/03/04 23:22:40;4147336;127340;3985172
2024/03/04 23:22:45;4143344;127364;3988588
2024/03/04 23:22:50;4140948;127376;3988820
2024/03/04 23:22:55;4139040;127384;3985172
2024/03/04 23:23:00;4135540;127408;3985196
2024/03/04 23:23:05;4137820;127424;3985196
2024/03/04 23:23:10;4142476;127440;3985196
2024/03/04 23:23:15;4139528;127476;3985240
2024/03/04 23:23:21;4138024;127504;3985208
2024/03/04 23:23:26;4137520;127528;3985196
2024/03/04 23:23:31;4133488;127556;3985196
2024/03/04 23:23:36;4136260;127580;3985216
2024/03/04 23:23:41;4136008;127604;3985220
2024/03/04 23:23:46;4136260;127640;3985212
2024/03/04 23:23:51;4144984;127664;3985260
2024/03/04 23:23:56;4144484;127696;3985256
2024/03/04 23:24:01;4144484;127712;3985260
2024/03/04 23:24:07;4144232;127744;3985284
2024/03/04 23:24:12;4143252;127764;3988948
2024/03/04 23:24:18;4142748;127792;3985340
2024/03/04 23:24:23;4141992;127820;3985300
2024/03/04 23:24:29;4144260;127828;3985300
2024/03/04 23:24:34;4140732;127840;3988944
2024/03/04 23:24:39;4144260;127856;3985296
2024/03/04 23:24:44;4144260;127888;3985080
2024/03/04 23:24:49;4143756;127912;3988724
2024/03/04 23:24:54;4143256;127940;3985300
2024/03/04 23:24:59;4143124;127960;3985528
2024/03/04 23:25:05;4139728;127980;3988976
2024/03/04 23:25:10;4143256;128008;3985328
2024/03/04 23:25:15;4140012;128048;3985320
2024/03/04 23:25:20;4145484;128092;3985368
2024/03/04 23:25:25;4144796;128116;3985332
2024/03/04 23:25:30;4144292;128140;3985328
2024/03/04 23:25:36;4140488;128152;3985344
2024/03/04 23:25:41;4138500;128168;3985332
2024/03/04 23:25:46;4145012;128200;3985336
2024/03/04 23:25:51;4139720;128220;3985356
2024/03/04 23:25:57;4139220;128248;3985348
2024/03/04 23:26:02;4135188;128264;3985356
2024/03/04 23:26:07;4140144;128288;3985376
2024/03/05 00:13:16;4151644;128324;3985696
2024/03/05 00:13:21;3944676;128436;4007696
2024/03/05 00:13:27;4029732;128516;3991080
2024/03/05 00:13:32;4026204;128552;3990628
2024/03/05 00:13:37;4032024;128576;3987232
2024/03/05 00:13:42;4030108;128600;3991664
2024/03/05 00:13:47;4006888;128640;3992488
2024/03/05 00:13:52;4012648;128664;3988832
2024/03/05 00:13:57;4059708;128676;3988696
2024/03/05 00:14:02;4060944;128688;3992116
2024/03/05 00:14:07;4063108;128724;3992336
2024/03/05 00:14:12;4062356;128764;3988696
2024/03/05 00:14:17;4061600;128780;3992340
2024/03/05 00:14:22;4064624;128796;3988732
2024/03/05 00:14:27;4059360;128816;3992340
2024/03/05 00:14:32;4061684;128856;3992624
2024/03/05 00:14:37;4059700;128876;3992640
2024/03/05 00:14:42;4052180;128900;3992628
2024/03/05 00:14:47;4040952;128916;3992700
2024/03/05 00:14:52;4041288;128964;3989256
2024/03/05 00:14:57;4039916;128980;3992828
2024/03/05 00:15:02;4039972;128996;3992828
2024/03/05 00:15:07;4043252;129024;3989184
2024/03/05 00:15:13;4043000;129032;3989180
2024/03/05 00:15:18;4042272;129060;3992828
2024/03/05 00:15:23;4041768;129084;3989244
2024/03/05 00:15:28;4039280;129104;3989248
2024/03/05 00:15:33;4035540;129120;3992920
2024/03/05 00:15:38;4040916;129128;3989260
2024/03/05 00:15:43;4035880;129156;3992904
2024/03/05 00:15:48;4036472;129172;3989488
2024/03/05 00:15:53;4035632;129192;3989276
2024/03/05 00:15:58;4035632;129216;3989276
2024/03/05 00:16:03;4026656;129236;3992900
2024/03/05 00:16:08;4033208;129256;3989264
2024/03/05 00:16:13;4028196;129280;3992908
2024/03/05 00:16:18;4026000;129312;3994560
2024/03/05 00:16:23;4026600;129340;3995208
2024/03/05 00:16:28;4027668;129376;3995244
2024/03/05 00:16:33;4018092;129404;3995460
2024/03/05 00:16:38;4023504;129416;3995476
2024/03/05 00:16:43;4021824;129448;3995724
2024/03/05 00:16:48;4016432;129464;3993244
2024/03/05 00:16:53;4018164;129484;3997456
2024/03/05 00:16:58;4011492;129508;3997700
2024/03/05 00:17:03;4016668;129528;3993840
2024/03/05 00:17:08;4011628;129540;3993840
2024/03/05 00:17:13;4016804;129560;3997764
2024/03/05 00:17:18;4019948;129572;3994132
2024/03/05 00:17:23;4015280;129576;3998404
2024/03/05 00:17:28;4014456;129600;3993980
2024/03/05 00:17:33;3999872;129632;3993008
2024/03/05 00:17:38;3929040;129640;3997200
2024/03/05 00:17:43;3935996;129644;3993792
2024/03/05 00:17:48;3933504;129676;3993844
2024/03/05 00:17:54;3933000;129708;3993808
2024/03/05 00:17:59;3932752;129728;3997452
2024/03/05 00:18:04;4011696;129748;3993804
2024/03/05 00:18:09;4000444;129764;3997452
2024/03/05 00:18:14;3995656;129768;3997444
2024/03/05 00:18:19;3999300;129784;3993820
2024/03/05 00:18:24;3999104;129832;3997460
2024/03/05 00:18:29;4003364;129844;3992932
2024/03/05 00:18:34;3990828;129868;3994560
2024/03/05 00:18:39;3957852;129880;3994548
2024/03/05 00:18:44;3984868;129892;3994540
2024/03/05 00:18:49;3961568;129904;3990888
2024/03/05 00:18:54;3964844;129920;3990884
2024/03/05 00:18:59;3964844;129932;3990888
2024/03/05 00:19:04;3965348;129948;3990888
2024/03/05 00:19:09;3965100;129952;3990876
2024/03/05 00:19:14;3964624;129964;3990876
2024/03/05 00:19:19;3965132;129980;3990888
2024/03/05 00:19:24;3964856;129988;3990900
2024/03/05 00:19:29;3963964;130008;3995492
2024/03/05 00:19:34;3967536;130024;3991848
2024/03/05 00:19:39;3967032;130052;3991908
2024/03/05 00:19:44;3971076;130060;3991896
2024/03/05 00:19:49;3970072;130072;3991896
2024/03/05 00:19:54;3970024;130088;3991980
2024/03/05 00:19:59;3969568;130104;3991904
2024/03/05 00:20:04;3968560;130120;3992208
2024/03/05 00:20:09;3968560;130140;3991904
2024/03/05 00:20:14;3968060;130148;3991904
2024/03/05 00:20:19;3973068;130168;3991904
2024/03/05 00:20:24;3978048;130188;3991904
2024/03/05 00:20:29;3982516;130212;3991904
2024/03/05 00:20:34;3981760;130224;3991904
2024/03/05 00:20:40;3979252;130252;3991956
2024/03/05 00:20:45;3976004;130276;3991964
2024/03/05 00:20:50;3994428;130280;3991972
2024/03/05 00:20:55;3990912;130308;3991968
2024/03/05 00:21:00;3989384;130324;3991980
2024/03/05 00:21:05;3989840;130340;3991984
2024/03/05 00:21:10;3993872;130356;3991972
2024/03/05 00:21:15;3995640;130388;3991972
2024/03/05 00:21:20;3994380;130416;3991980
2024/03/05 00:21:25;3993624;130444;3992000
2024/03/05 00:21:30;3993372;130464;3989488
2024/03/05 00:21:35;3993124;130480;3989496
2024/03/05 00:21:40;3992872;130492;3989524
2024/03/05 00:21:45;3992872;130512;3989560
2024/03/05 00:21:50;3998460;130532;3989528
2024/03/05 00:21:55;3997664;130560;3989528
2024/03/05 00:22:00;3997412;130584;3989528
2024/03/05 00:22:05;3997160;130600;3989792
2024/03/05 00:22:10;3996908;130612;3989740
2024/03/05 00:22:15;3996408;130612;3991132
2024/03/05 00:22:20;3996912;130636;3991136
2024/03/05 00:22:25;3996660;130644;3989800
2024/03/05 00:22:30;3996408;130660;3989792
2024/03/05 00:22:35;3996912;130672;3989792
2024/03/05 00:22:40;3996660;130692;3989816
2024/03/05 00:22:45;3992628;130720;3991172
2024/03/05 00:22:50;3992880;130768;3991212
2024/03/05 00:22:55;3995832;130796;3991220
2024/03/05 00:23:00;3997532;130848;3990936
2024/03/05 00:23:05;3997040;130880;3990972
2024/03/05 00:23:10;3996536;130904;3990904
2024/03/05 00:23:15;3996536;130924;3990904
2024/03/05 00:23:20;3970524;130992;3991308
2024/03/05 00:23:25;3973296;131072;3990960
2024/03/05 00:23:30;3982568;131072;3990948
2024/03/05 00:23:35;3980300;131084;3990944
2024/03/05 00:23:40;3980808;131100;3990972
2024/03/05 00:23:45;3978820;131120;3990984
2024/03/05 00:23:50;3978568;131132;3990984
2024/03/05 00:23:55;3979076;131164;3989380
2024/03/05 00:24:00;3977632;131188;3990284
2024/03/05 00:24:05;3975644;131212;3991464
2024/03/05 00:24:11;3976352;131224;3991464
2024/03/05 00:24:16;3976152;131236;3991464
2024/03/05 00:24:21;3973884;131264;3991464
2024/03/05 00:24:26;3974136;131284;3991464
2024/03/05 00:24:31;3970608;131316;3991464
2024/03/05 00:24:36;3977868;131336;3991460
2024/03/05 00:24:41;4118132;131352;3991448
2024/03/05 00:24:46;4127040;131364;3991476
2024/03/05 00:24:51;4126788;131400;3991500
2024/03/05 00:24:56;4126540;131420;3991476
2024/03/05 00:25:01;4130068;131432;3989452
2024/03/05 00:25:06;4130572;131460;3989848
2024/03/05 00:25:11;4130068;131476;3990180
2024/03/05 00:25:16;4129092;131492;3990180
2024/03/05 00:25:21;4128840;131516;3989476
2024/03/05 00:25:26;4128588;131532;3989452
2024/03/05 00:25:31;4129092;131544;3989752
2024/03/05 00:25:36;4126824;131560;3992244
2024/03/05 00:25:41;4127328;131572;3992244
2024/03/05 00:25:46;4132324;131588;3989712
2024/03/05 00:25:51;4132072;131604;3991128
2024/03/05 00:25:56;4127792;131620;3992984
2024/03/05 00:26:01;4127288;131632;3989756
2024/03/05 00:26:06;4126028;131644;3994552
2024/03/05 00:26:11;4123760;131668;3994544
2024/03/05 00:26:16;4126532;131684;3991128
2024/03/05 00:26:22;4130476;131700;3991128
2024/03/05 00:26:27;4127452;131716;3993204
2024/03/05 00:26:32;4129192;131740;3989532
2024/03/05 00:26:37;4133696;131764;3990116
2024/03/05 00:26:42;4132940;131776;3990124
2024/03/05 00:26:47;4131936;131792;3990412
2024/03/05 00:26:52;4131192;131832;3990136
2024/03/05 00:26:57;4128672;131840;3995176
2024/03/05 00:27:02;4128952;131868;3991756
2024/03/05 00:27:07;4126684;131900;3991756
2024/03/05 00:27:12;4116352;131920;3995180
2024/03/05 00:27:17;4115880;131944;3991672
2024/03/05 00:27:22;4112040;131968;3991920
2024/03/05 00:27:27;4110456;131988;3993824
2024/03/05 00:27:32;4113984;132016;3990220
2024/03/05 00:27:37;4113460;132036;3990180
2024/03/05 00:27:42;4117688;132052;3990180
2024/03/05 00:27:47;4116428;132092;3993872
2024/03/05 00:27:52;4117940;132164;3990296
2024/03/05 00:27:57;4113656;132208;3993940
2024/03/05 00:28:02;4083668;132236;3990312
2024/03/05 00:28:07;4082664;132248;3990312
2024/03/05 00:28:12;4081656;132276;3990308
2024/03/05 00:28:17;4078860;132308;3990472
2024/03/05 00:28:22;4077856;132320;3990472
2024/03/05 00:28:27;4076880;132360;3990440
2024/03/05 00:28:32;4076628;132380;3990472
2024/03/05 00:28:37;4076184;132400;3990472
2024/03/05 00:28:42;4056180;132416;3990492
2024/03/05 00:28:48;4047304;132428;3990508
2024/03/05 00:28:53;4046296;132468;3990492
2024/03/05 00:28:58;4045792;132472;3990504
2024/03/05 00:29:03;4046048;132484;3990508
2024/03/05 00:29:08;4043332;132492;3990508
2024/03/05 00:29:13;4042100;132512;3990508
2024/03/05 00:29:18;4047968;132528;3990508
2024/03/05 00:29:23;4042344;132556;3990528
2024/03/05 00:29:28;4041616;132572;3990532
2024/03/05 00:29:33;4034032;132600;3990556
2024/03/05 00:29:38;4041140;132616;3990552
2024/03/05 00:29:43;4037132;132644;3990996
2024/03/05 00:29:48;4035512;132672;3990996
2024/03/05 00:29:53;4036016;132688;3990996
2024/03/05 00:29:58;4036296;132704;3991028
2024/03/05 00:30:03;4036548;132728;3990992
2024/03/05 00:30:08;4035848;132732;3990996
2024/03/05 00:30:13;4045244;132756;3990996
2024/03/05 00:30:18;4045248;132788;3990992
2024/03/05 00:30:23;4036332;132800;3990996
2024/03/05 00:30:28;4035352;132816;3990996
2024/03/05 00:30:33;4034848;132824;3991020
2024/03/05 00:30:38;4036208;132844;3991084
2024/03/05 00:30:43;4033196;132860;3991052
2024/03/05 00:30:48;4033724;132912;3991032
2024/03/05 00:30:53;4037032;132924;3991032
2024/03/05 00:30:58;4037036;132936;3991036
2024/03/05 00:31:03;4033396;132964;3991068
2024/03/05 00:31:08;4025652;132996;3991036
2024/03/05 00:31:13;4019912;132996;3991036
2024/03/05 00:31:18;4010840;133000;3991032
2024/03/05 00:31:23;4009356;133008;3991060
2024/03/05 00:31:28;4009608;133012;3991056
2024/03/05 00:31:33;4009368;133024;3991104
2024/03/05 00:31:38;4010124;133048;3991108
2024/03/05 00:31:43;4007100;133064;3991124
2024/03/05 00:31:48;4006596;133072;3991124
2024/03/05 00:31:53;4005084;133100;3991124
2024/03/05 00:31:58;4004832;133132;3991124
2024/03/05 00:32:03;4005012;133140;3991124
2024/03/05 00:32:08;4004356;133152;3991124
2024/03/05 00:32:13;4010356;133168;3991124
2024/03/05 00:32:18;4009096;133172;3991128
2024/03/05 00:32:23;4008592;133184;3991128
2024/03/05 00:32:28;4008088;133212;3991128
2024/03/05 00:32:33;4076444;133232;3991132
2024/03/05 00:32:38;4076444;133252;3991160
2024/03/05 00:32:43;4082148;133264;3991160
2024/03/05 00:32:48;4076744;133292;3991608
2024/03/05 00:32:54;4075488;133488;3992316
2024/03/05 00:32:59;4080452;133508;3991260
2024/03/05 00:33:04;4080452;133528;3991260
2024/03/05 00:33:09;4067856;133580;3991440
2024/03/05 00:33:14;4067104;133604;3989088
2024/03/05 00:33:19;4417140;133684;3984872
2024/03/05 00:33:24;4498612;133740;3982832
2024/03/05 00:33:29;5657880;133824;3942192
2024/03/05 00:33:34;5827324;133956;3977996
2024/03/05 00:33:39;5750344;134160;4051016
2024/03/05 00:33:44;5660124;134316;4133028
2024/03/05 00:33:49;5479716;134480;4243020
2024/03/05 00:33:54;5410188;134652;4310420
2024/03/05 00:33:59;5404320;134820;4414436
2024/03/05 00:34:04;5833404;135328;3965804
2024/03/05 00:34:09;5783060;135844;3975244
2024/03/05 00:34:15;5758208;136056;3993932
2024/03/05 00:34:20;5757480;136144;3994192
2024/03/05 00:34:25;5756980;136164;3994192
2024/03/05 00:34:30;5756980;136188;3994192
2024/03/05 00:34:35;5756728;136200;3994192
2024/03/05 00:34:40;5764540;136216;3994188
2024/03/05 00:34:45;5764288;136228;3994188
2024/03/05 00:34:50;5764036;136240;3994188
2024/03/05 00:34:55;5763784;136260;3994188
2024/03/05 00:35:00;5763280;136268;3994184
2024/03/05 00:35:05;5762780;136272;3994188
2024/03/05 00:35:10;5762024;136288;3994224
2024/03/05 00:35:15;5761520;136300;3994188
2024/03/05 00:35:20;5761016;136316;3994188
2024/03/05 00:35:25;5760512;136324;3994188
2024/03/05 00:35:30;5760008;136344;3994188
2024/03/05 00:35:35;5759756;136356;3994188
2024/03/05 00:35:40;5759508;136372;3994184
2024/03/05 00:35:45;5764004;136392;3994188
2024/03/05 00:35:50;5763500;136396;3994188
2024/03/05 00:35:55;5762996;136400;3994188
2024/03/05 00:36:00;5762492;136416;3994188
2024/03/05 00:36:05;5761988;136436;3994188
2024/03/05 00:36:10;5761736;136460;3994188
2024/03/05 00:36:15;5760980;136484;3994224
2024/03/05 00:36:20;5760480;136504;3994184
2024/03/05 00:36:25;5759724;136512;3994192
2024/03/05 00:36:30;5758968;136544;3994192
2024/03/05 00:36:35;5758464;136572;3994192
2024/03/05 00:36:40;5758212;136588;3994192
2024/03/05 00:36:45;5757456;136596;3994196
2024/03/05 00:36:50;5761920;136604;3994196
2024/03/05 00:36:55;5760916;136616;3994196
2024/03/05 00:37:00;5760664;136628;3994192
2024/03/05 00:37:05;5760416;136636;3994196
2024/03/05 00:37:10;5759912;136644;3994196
2024/03/05 00:37:15;5759660;136660;3994196
2024/03/05 00:37:20;5759156;136696;3994232
2024/03/05 00:37:25;5758400;136720;3994196
2024/03/05 00:37:30;5757392;136744;3994196
2024/03/05 00:37:35;5756384;136760;3994200
2024/03/05 00:37:40;5755880;136776;3994196
2024/03/05 00:37:45;5760356;136796;3994200
2024/03/05 00:37:50;5759348;136808;3994200
2024/03/05 00:37:55;5758592;136824;3994200
2024/03/05 00:38:00;5757584;136840;3994200
2024/03/05 00:38:05;5757080;136856;3994200
2024/03/05 00:38:10;5756576;136880;3994200
2024/03/05 00:38:15;5756072;136900;3994200
2024/03/05 00:38:20;5755316;136908;3994200
2024/03/05 00:38:25;5759328;136928;3994200
2024/03/05 00:38:30;5758320;136936;3994200
2024/03/05 00:38:35;5757564;136952;3994200
2024/03/05 00:38:40;5757060;136956;3994200
2024/03/05 00:38:45;5756556;136968;3994200
2024/03/05 00:38:50;5786372;136988;3988040
2024/03/05 00:38:55;5786144;137008;3987940
2024/03/05 00:39:00;5785640;137032;3987936
2024/03/05 00:39:05;5784636;137064;3987940
2024/03/05 00:39:10;5784384;137084;3987940
2024/03/05 00:39:15;5783880;137104;3987940
2024/03/05 00:39:20;5783376;137124;3987928
2024/03/05 00:39:26;5782872;137136;3987940
2024/03/05 00:39:31;5782368;137160;3987940
2024/03/05 00:39:36;5781612;137172;3987940
2024/03/05 00:39:41;5780860;137184;3987948
2024/03/05 00:39:46;5780356;137200;3987952
2024/03/05 00:39:51;5785104;137216;3987952
2024/03/05 00:39:56;5784096;137236;3987952
2024/03/05 00:40:01;5783340;137252;3987952
2024/03/05 00:40:06;5782584;137280;3987952
2024/03/05 00:40:11;5782080;137296;3987952
2024/03/05 00:40:16;5781072;137316;3987952
2024/03/05 00:40:21;5780568;137340;3987948
2024/03/05 00:40:26;5779812;137376;3987988
2024/03/05 00:40:31;5784272;137384;3987952
2024/03/05 00:40:36;5783012;137412;3987952
2024/03/05 00:40:41;5782256;137428;3987952
2024/03/05 00:40:46;5781500;137448;3987952
2024/03/05 00:40:51;5785960;137484;3987956
2024/03/05 00:40:56;5785456;137504;3987956
2024/03/05 00:41:01;5784700;137524;3987952
2024/03/05 00:41:06;5783944;137532;3987956
2024/03/05 00:41:11;5783440;137548;3987964
2024/03/05 00:41:16;5788648;137548;3987960
2024/03/05 00:41:21;5788148;137552;3987964
2024/03/05 00:41:26;5792620;137560;3987960
2024/03/05 00:41:31;5792620;137576;3988000
2024/03/05 00:41:36;5792872;137588;3987964
2024/03/05 00:41:41;5792368;137604;3987964
2024/03/05 00:41:46;5791360;137620;3987964
2024/03/05 00:41:51;5790352;137628;3987968
2024/03/05 00:41:56;5794504;137644;3987968
2024/03/05 00:42:01;5793748;137668;3987968
2024/03/05 00:42:06;5792744;137668;3987968
2024/03/05 00:42:11;5791736;137680;3987968
2024/03/05 00:42:16;5791232;137704;3987968
2024/03/05 00:42:21;5790476;137728;3987968
2024/03/05 00:42:26;5789972;137736;3987964
2024/03/05 00:42:31;5789216;137760;3987972
2024/03/05 00:42:36;5788460;137764;3988008
2024/03/05 00:42:41;5787456;137772;3987972
2024/03/05 00:42:46;5786448;137792;3987972
2024/03/05 00:42:51;5785692;137820;3987972
2024/03/05 00:42:56;5784936;137820;3987972
2024/03/05 00:43:01;5784180;137840;3987972
2024/03/05 00:43:06;5788636;137856;3987968
2024/03/05 00:43:11;5788132;137872;3987972
2024/03/05 00:43:16;5787124;137884;3987972
2024/03/05 00:43:21;5785616;137908;3987972
2024/03/05 00:43:26;5784608;137912;3987972
2024/03/05 00:43:31;5782100;137932;3987992
2024/03/05 00:43:36;5736004;137948;3999024
2024/03/05 00:43:41;5734312;137976;3999080
2024/03/05 00:43:46;5752044;137992;3994432
2024/03/05 00:43:51;5752132;138020;3994420
2024/03/05 00:43:56;5767552;138028;3994428
2024/03/05 00:44:01;5766548;138052;3994420
2024/03/05 00:44:06;5765796;138072;3994420
2024/03/05 00:44:11;5765040;138096;3994420
2024/03/05 00:44:16;5770008;138112;3994420
2024/03/05 00:44:21;5769252;138124;3994420
2024/03/05 00:44:26;5769000;138136;3994424
2024/03/05 00:44:31;5768748;138148;3994420
2024/03/05 00:44:36;5768748;138156;3994424
2024/03/05 00:44:41;5768748;138176;3994424
2024/03/05 00:44:46;5768496;138176;3994424
2024/03/05 00:44:51;5768244;138196;3994424
2024/03/05 00:44:57;5767740;138200;3994424
2024/03/05 00:45:02;5766984;138220;3994424
2024/03/05 00:45:07;5766228;138228;3994424
2024/03/05 00:45:12;5765476;138252;3994424
2024/03/05 00:45:17;5765224;138272;3994428
2024/03/05 00:45:22;5764952;138284;3994428
2024/03/05 00:45:27;5763968;138296;3994428
2024/03/05 00:45:32;5768224;138296;3994428
2024/03/05 00:45:37;5766964;138300;3994428
2024/03/05 00:45:42;5766208;138312;3994464
2024/03/05 00:45:47;5765704;138328;3994424
2024/03/05 00:45:52;5764448;138344;3994428
2024/03/05 00:45:57;5763692;138352;3994428
2024/03/05 00:46:02;5762936;138364;3994428
2024/03/05 00:46:07;5762180;138372;3994428
2024/03/05 00:46:12;5761676;138388;3994428
2024/03/05 00:46:17;5760416;138392;3994432
2024/03/05 00:46:22;5759912;138408;3994432
2024/03/05 00:46:27;5759408;138420;3994432
2024/03/05 00:46:32;5758404;138428;3994428
2024/03/05 00:46:37;5757396;138460;3994432
2024/03/05 00:46:42;5756892;138488;3994432
2024/03/05 00:46:47;5756640;138516;3994468
2024/03/05 00:46:52;5756136;138540;3994432
2024/03/05 00:46:57;5756136;138560;3994432
2024/03/05 00:47:02;5756136;138576;3994432
2024/03/05 00:47:07;5755632;138592;3994432
2024/03/05 00:47:12;5755380;138596;3994432
2024/03/05 00:47:17;5754876;138608;3994436
2024/03/05 00:47:22;5753620;138628;3994436
2024/03/05 00:47:27;5752864;138648;3994436
2024/03/05 00:47:32;5752612;138660;3994436
2024/03/05 00:47:37;5751604;138672;3994436
2024/03/05 00:47:42;5756080;138684;3994436
2024/03/05 00:47:47;5755324;138700;3994436
2024/03/05 00:47:52;5754820;138728;3994468
2024/03/05 00:47:57;5754064;138748;3994440
2024/03/05 00:48:02;5763804;138768;3994440
2024/03/05 00:48:07;5762800;138788;3994440
2024/03/05 00:48:12;5762044;138804;3994440
2024/03/05 00:48:17;5761792;138820;3994440
2024/03/05 00:48:22;5761036;138824;3994440
2024/03/05 00:48:27;5760028;138824;3994440
2024/03/05 00:48:32;5759020;138840;3994436
2024/03/05 00:48:37;5758016;138856;3994440
2024/03/05 00:48:42;5757512;138868;3994440
2024/03/05 00:48:47;5757008;138888;3994440
2024/03/05 00:48:52;5756756;138900;3994444
2024/03/05 00:48:57;5756000;138940;3994480
2024/03/05 00:49:02;5755244;138960;3994444
2024/03/05 00:49:07;5754488;138964;3994444
2024/03/05 00:49:12;5754236;138980;3994440
2024/03/05 00:49:17;5752980;138992;3994444
2024/03/05 00:49:22;5752224;139012;3994444
2024/03/05 00:49:27;5751972;139024;3994448
2024/03/05 00:49:32;5750964;139048;3994476
2024/03/05 00:49:37;5750208;139072;3994480
2024/03/05 00:49:42;5748948;139088;3994480
2024/03/05 00:49:47;5748444;139100;3994480
2024/03/05 00:49:52;5748948;139120;3994476
2024/03/05 00:49:57;5748196;139132;3994480
2024/03/05 00:50:02;5747944;139148;3994480
2024/03/05 00:50:07;5747692;139156;3994480
2024/03/05 00:50:12;5747188;139176;3994480
2024/03/05 00:50:17;5746936;139196;3994480
2024/03/05 00:50:22;5747188;139220;3994480
2024/03/05 00:50:27;5746432;139232;3994484
2024/03/05 00:50:32;5751140;139236;3994480
2024/03/05 00:50:37;5755600;139256;3994484
2024/03/05 00:50:42;5754616;139264;3994484
2024/03/05 00:50:47;5758340;139292;3994484
2024/03/05 00:50:52;5757836;139316;3994484
2024/03/05 00:50:57;5757584;139340;3994484
2024/03/05 00:51:02;5762560;139348;3994484
2024/03/05 00:51:07;5762560;139368;3994484
2024/03/05 00:51:12;5761556;139380;3994480
2024/03/05 00:51:18;5761052;139392;3994484
2024/03/05 00:51:23;5760296;139408;3994484
2024/03/05 00:51:28;5759792;139420;3994484
2024/03/05 00:51:33;5759288;139436;3994484
2024/03/05 00:51:38;5758280;139460;3994484
2024/03/05 00:51:43;5762272;139480;3994484
2024/03/05 00:51:48;5761516;139504;3994484
2024/03/05 00:51:53;5760008;139528;3994484
2024/03/05 00:51:58;5759252;139544;3994488
2024/03/05 00:52:03;5757992;139552;3994524
2024/03/05 00:52:08;5757236;139552;3994488
2024/03/05 00:52:13;5756228;139568;3994488
2024/03/05 00:52:18;5755472;139580;3994488
2024/03/05 00:52:23;5754464;139584;3994488
2024/03/05 00:52:28;5753456;139588;3994488
2024/03/05 00:52:33;5752704;139608;3994484
2024/03/05 00:52:38;5751696;139624;3994488
2024/03/05 00:52:43;5750940;139632;3994488
2024/03/05 00:52:48;5750184;139648;3994488
2024/03/05 00:52:53;5763948;139668;3988180
2024/03/05 00:52:58;5763444;139692;3988180
2024/03/05 00:53:03;5762184;139700;3988184
2024/03/05 00:53:08;5761404;139728;3988220
2024/03/05 00:53:13;5760928;139744;3988184
2024/03/05 00:53:18;5760176;139768;3988180
2024/03/05 00:53:23;5760176;139788;3988184
2024/03/05 00:53:28;5764908;139808;3988184
2024/03/05 00:53:33;5764156;139820;3988184
2024/03/05 00:53:38;5768744;139828;3988184
2024/03/05 00:53:43;5768492;139832;3988184
2024/03/05 00:53:48;5768492;139852;3988184
2024/03/05 00:53:53;5773508;139868;3988184
2024/03/05 00:53:58;5773004;139884;3988188
2024/03/05 00:54:03;5778952;139892;3988188
2024/03/05 00:54:08;5778472;139908;3988188
2024/03/05 00:54:13;5776976;139928;3988240
2024/03/05 00:54:18;5731060;139948;3999164
2024/03/05 00:54:23;5731312;139956;3999216
2024/03/05 00:54:28;5759668;139968;3994508
2024/03/05 00:54:33;5734260;139988;3999064
2024/03/05 00:54:38;5733000;140004;3999476
2024/03/05 00:54:43;5728216;140016;4000116
2024/03/05 00:54:48;5727964;140032;4000116
2024/03/05 00:54:53;5733180;140044;4000116
2024/03/05 00:54:58;5732424;140064;3999060
2024/03/05 00:55:03;5732172;140076;3999056
2024/03/05 00:55:08;5731668;140088;3999060
2024/03/05 00:55:13;5731416;140100;3999060
2024/03/05 00:55:18;5711268;140140;4004644
2024/03/05 00:55:23;5728308;140164;3999060
2024/03/05 00:55:28;5727804;140184;3999060
2024/03/05 00:55:33;5727300;140192;3999060
2024/03/05 00:55:38;5726544;140212;3999060
2024/03/05 00:55:43;5726292;140228;3999060
2024/03/05 00:55:48;5725032;140244;3999064
2024/03/05 00:55:53;5724528;140264;3999064
2024/03/05 00:55:58;5728980;140276;3999060
2024/03/05 00:56:03;5727972;140288;3999064
2024/03/05 00:56:08;5727468;140304;3999064
2024/03/05 00:56:13;5726460;140320;3999064
2024/03/05 00:56:18;5725704;140348;3999068
2024/03/05 00:56:23;5724700;140356;3999068
2024/03/05 00:56:28;5723944;140368;3999068
2024/03/05 00:56:33;5723444;140384;3999068
2024/03/05 00:56:38;5722940;140408;3999064
2024/03/05 00:56:43;5722184;140412;3999068
2024/03/05 00:56:48;5721680;140420;3999068
2024/03/05 00:56:54;5721176;140436;3999068
2024/03/05 00:56:59;5720672;140460;3999068
2024/03/05 00:57:04;5720168;140480;3999068
2024/03/05 00:57:09;5719412;140500;3999068
2024/03/05 00:57:14;5718912;140516;3999068
2024/03/05 00:57:19;5718408;140540;3999068
2024/03/05 00:57:24;5717904;140552;3999072
2024/03/05 00:57:29;5717400;140564;3999072
2024/03/05 00:57:34;5716644;140580;3999072
2024/03/05 00:57:39;5716392;140604;3999072
2024/03/05 00:57:44;5716644;140620;3999072
2024/03/05 00:57:49;5721184;140644;3999068
2024/03/05 00:57:54;5720180;140664;3999072
2024/03/05 00:57:59;5719424;140684;3999068
2024/03/05 00:58:04;5718920;140692;3999076
2024/03/05 00:58:09;5718416;140712;3999076
2024/03/05 00:58:14;5717408;140728;3999076
2024/03/05 00:58:19;5716904;140740;3999112
2024/03/05 00:58:24;5716396;140760;3999076
2024/03/05 00:58:29;5715676;140772;3999076
2024/03/05 00:58:34;5715400;140796;3999076
2024/03/05 00:58:39;5719940;140816;3999072
2024/03/05 00:58:44;5719184;140832;3999076
2024/03/05 00:58:49;5723132;140840;3999072
2024/03/05 00:58:54;5722124;140856;3999076
2024/03/05 00:58:59;5721368;140868;3999080
2024/03/05 00:59:04;5720360;140872;3999080
2024/03/05 00:59:09;5725084;140884;3999080
2024/03/05 00:59:14;5724076;140888;3999080
2024/03/05 00:59:19;5723572;140920;3999076
2024/03/05 00:59:24;5723572;140932;3999116
2024/03/05 00:59:29;5723320;140956;3999080
2024/03/05 00:59:34;5722816;140980;3999080
2024/03/05 00:59:39;5722060;141004;3999080
2024/03/05 00:59:44;5721052;141020;3999080
2024/03/05 00:59:49;5720300;141036;3999080
2024/03/05 00:59:54;5719796;141056;3999084
2024/03/05 00:59:59;5719040;141060;3999080
2024/03/05 01:00:04;5718284;141080;3999084
2024/03/05 01:00:09;5723256;141104;3999496
2024/03/05 01:00:14;5706876;141140;4004724
2024/03/05 01:00:19;5705868;141156;4004676
2024/03/05 01:00:24;5704104;141188;4004680
2024/03/05 01:00:29;5703352;141208;4004716
2024/03/05 01:00:34;5703100;141212;4004680
2024/03/05 01:00:39;5726360;141224;3999092
2024/03/05 01:00:44;5725856;141240;3999096
2024/03/05 01:00:49;5730064;141300;3999096
2024/03/05 01:00:54;5729560;141308;3999096
2024/03/05 01:00:59;5729056;141324;3999096
2024/03/05 01:01:04;5728300;141340;3999096
2024/03/05 01:01:09;5727296;141348;3999096
2024/03/05 01:01:14;5726792;141368;3999100
2024/03/05 01:01:19;5726036;141376;3999100
2024/03/05 01:01:24;5725784;141396;3999100
2024/03/05 01:01:29;5725028;141400;3999100
2024/03/05 01:01:34;5724524;141424;3999100
2024/03/05 01:01:39;5723768;141456;3999136
2024/03/05 01:01:44;5723268;141472;3999136
2024/03/05 01:01:49;5723016;141480;3999132
2024/03/05 01:01:54;5722260;141488;3999136
2024/03/05 01:01:59;5721252;141496;3999132
2024/03/05 01:02:05;5721000;141508;3999136
2024/03/05 01:02:10;5720244;141524;3999140
2024/03/05 01:02:15;5724708;141548;3999140
2024/03/05 01:02:20;5723448;141572;3999140
2024/03/05 01:02:25;5722192;141600;3999140
2024/03/05 01:02:30;5721436;141624;3999140
2024/03/05 01:02:35;5721436;141652;3999140
2024/03/05 01:02:40;5721436;141672;3999136
2024/03/05 01:02:45;5721436;141680;3999140
2024/03/05 01:02:50;5720680;141716;3999144
2024/03/05 01:02:55;5719924;141716;3999144
2024/03/05 01:03:00;5718920;141716;3999144
2024/03/05 01:03:05;5718416;141724;3999144
2024/03/05 01:03:10;5717912;141736;3999144
2024/03/05 01:03:15;5717156;141752;3999144
2024/03/05 01:03:20;5716904;141768;3999144
2024/03/05 01:03:25;5716400;141772;3999140
2024/03/05 01:03:30;5715392;141780;3999144
2024/03/05 01:03:35;5714892;141800;3999180
2024/03/05 01:03:40;5719424;141820;3999148
2024/03/05 01:03:45;5718668;141836;3999148
2024/03/05 01:03:50;5717660;141848;3999148
2024/03/05 01:03:55;5723108;141872;3999148
2024/03/05 01:04:00;5721720;141896;3999148
2024/03/05 01:04:05;5720964;141900;3999144
2024/03/05 01:04:10;5724916;141920;3999148
2024/03/05 01:04:15;5723912;141932;3999148
2024/03/05 01:04:20;5723156;141948;3999144
2024/03/05 01:04:25;5721896;141952;3999148
2024/03/05 01:04:30;5721140;141964;3999148
2024/03/05 01:04:35;5699000;142008;4004784
2024/03/05 01:04:40;5721332;142028;3999148
2024/03/05 01:04:45;5721332;142040;3999144
2024/03/05 01:04:50;5721084;142056;3999148
2024/03/05 01:04:55;5721088;142056;3999148
2024/03/05 01:05:00;5720836;142072;3999148
2024/03/05 01:05:05;5720340;142104;3999152
2024/03/05 01:05:10;5725324;142136;3999148
2024/03/05 01:05:15;5724820;142152;3999152
2024/03/05 01:05:20;5724568;142172;3999152
2024/03/05 01:05:25;5724316;142172;3999148
2024/03/05 01:05:30;5724064;142196;3999152
2024/03/05 01:05:35;5729076;142224;3999152
2024/03/05 01:05:40;5728572;142232;3999152
2024/03/05 01:05:45;5727316;142244;3999152
2024/03/05 01:05:50;5726812;142248;3999152
2024/03/05 01:05:55;5725804;142256;3999152
2024/03/05 01:06:00;5724796;142268;3999152
2024/03/05 01:06:05;5723788;142284;3999148
2024/03/05 01:06:10;5723032;142296;3999152
2024/03/05 01:06:15;5722024;142304;3999156
2024/03/05 01:06:20;5721268;142324;3999156
2024/03/05 01:06:25;5720264;142356;3999156
2024/03/05 01:06:31;5719256;142360;3999156
2024/03/05 01:06:36;5717744;142372;3999156
2024/03/05 01:06:41;5717240;142384;3999156
2024/03/05 01:06:46;5698112;142416;4004800
2024/03/05 01:06:51;5718584;142444;3999160
2024/03/05 01:06:56;5718080;142472;3999160
2024/03/05 01:07:01;5722808;142492;3999156
2024/03/05 01:07:06;5722308;142496;3999160
2024/03/05 01:07:11;5721804;142500;3999160
2024/03/05 01:07:16;5726768;142512;3999160
2024/03/05 01:07:21;5726012;142532;3999164
2024/03/05 01:07:26;5724752;142548;3999160
2024/03/05 01:07:31;5724248;142556;3999164
2024/03/05 01:07:36;5723240;142568;3999164
2024/03/05 01:07:41;5722232;142584;3999196
2024/03/05 01:07:46;5720724;142596;3999164
2024/03/05 01:07:51;5719968;142628;3999160
2024/03/05 01:07:56;5718484;142648;3999160
2024/03/05 01:08:01;5717728;142648;3999160
2024/03/05 01:08:06;5716972;142668;3999160
2024/03/05 01:08:11;5726948;142680;3999164
2024/03/05 01:08:16;5725688;142684;3999164
2024/03/05 01:08:21;5724936;142696;3999164
2024/03/05 01:08:26;5723676;142700;3999168
2024/03/05 01:08:31;5697984;142724;4004808
2024/03/05 01:08:36;5719212;142752;3999168
2024/03/05 01:08:41;5718708;142760;3999168
2024/03/05 01:08:46;5718204;142792;3999204
2024/03/05 01:08:51;5718204;142820;3999168
2024/03/05 01:08:56;5718204;142844;3999172
2024/03/05 01:09:01;5718204;142860;3999172
2024/03/05 01:09:06;5717952;142868;3999172
2024/03/05 01:09:11;5717448;142892;3999172
2024/03/05 01:09:16;5716440;142920;3999172
2024/03/05 01:09:21;5715684;142952;3999172
2024/03/05 01:09:26;5719896;142964;3999172
2024/03/05 01:09:31;5719140;142988;3999172
2024/03/05 01:09:36;5718636;143016;3999176
2024/03/05 01:09:41;5723848;143048;3999176
2024/03/05 01:09:46;5722592;143056;3999176
2024/03/05 01:09:51;5721836;143080;3999212
2024/03/05 01:09:56;5721836;143096;3999176
2024/03/05 01:10:01;5721836;143116;3999176
2024/03/05 01:10:06;5721836;143132;3999176
2024/03/05 01:10:11;5722340;143144;3999172
2024/03/05 01:10:16;5722340;143160;3999176
2024/03/05 01:10:21;5721336;143168;3999176
2024/03/05 01:10:26;5725796;143184;3999176
2024/03/05 01:10:31;5725044;143216;3999176
2024/03/05 01:10:36;5724036;143228;3999176
2024/03/05 01:10:41;5722776;143260;3999180
2024/03/05 01:10:46;5721768;143276;3999180
2024/03/05 01:10:51;5720760;143328;3999176
2024/03/05 01:10:56;5719504;143348;3999180
2024/03/05 01:11:01;5718748;143360;3999180
2024/03/05 01:11:06;5718244;143380;3999180
2024/03/05 01:11:11;5717740;143392;3999184
2024/03/05 01:11:16;5717488;143420;3999184
2024/03/05 01:11:22;5716984;143436;3999184
2024/03/05 01:11:27;5715976;143456;3999184
2024/03/05 01:11:32;5714968;143472;3999184
2024/03/05 01:11:37;5713964;143496;3999184
2024/03/05 01:11:42;5718248;143512;3999184
2024/03/05 01:11:47;5717240;143532;3999184
2024/03/05 01:11:52;5716484;143564;3999176
2024/03/05 01:11:57;5715476;143568;3999184
2024/03/05 01:12:02;5714972;143580;3999184
2024/03/05 01:12:07;5713712;143600;3999184
2024/03/05 01:12:12;5712956;143612;3999184
2024/03/05 01:12:17;5711700;143636;3999184
2024/03/05 01:12:22;5710944;143652;3999184
2024/03/05 01:12:27;5715668;143664;3999184
2024/03/05 01:12:32;5714912;143680;3999184
2024/03/05 01:12:37;5714156;143696;3999184
2024/03/05 01:12:42;5713652;143696;3999188
2024/03/05 01:12:47;5712896;143712;3999188
2024/03/05 01:12:52;5717604;143728;3999188
2024/03/05 01:12:57;5716348;143748;3999224
2024/03/05 01:13:02;5715592;143748;3999184
2024/03/05 01:13:07;5714836;143764;3999188
2024/03/05 01:13:12;5719792;143780;3999184
2024/03/05 01:13:17;5718784;143788;3999188
2024/03/05 01:13:22;5718028;143800;3999192
2024/03/05 01:13:27;5717020;143820;3999192
2024/03/05 01:13:32;5716016;143836;3999192
2024/03/05 01:13:37;5715512;143868;3999192
2024/03/05 01:13:42;5729032;143876;3992844
2024/03/05 01:13:47;5728780;143892;3992844
2024/03/05 01:13:52;5728780;143904;3992848
2024/03/05 01:13:57;5728528;143916;3992844
2024/03/05 01:14:02;5728528;143944;3992884
2024/03/05 01:14:07;5728024;143948;3992852
2024/03/05 01:14:12;5727268;143960;3992848
2024/03/05 01:14:17;5731972;143980;3992852
2024/03/05 01:14:22;5736960;144000;3992852
2024/03/05 01:14:27;5736708;144012;3992848
2024/03/05 01:14:32;5736204;144024;3992852
2024/03/05 01:14:37;5735700;144036;3992852
2024/03/05 01:14:42;5735448;144060;3992852
2024/03/05 01:14:47;5735448;144068;3992856
2024/03/05 01:14:52;5740404;144068;3992856
2024/03/05 01:14:57;5740404;144080;3992856
2024/03/05 01:15:02;5740408;144088;3992856
2024/03/05 01:15:07;5744196;144096;3992852
2024/03/05 01:15:12;5743188;144100;3992856
2024/03/05 01:15:17;5747912;144104;3992856
2024/03/05 01:15:22;5747408;144108;3992856
2024/03/05 01:15:27;5746904;144120;3992856
2024/03/05 01:15:32;5747156;144132;3992856
2024/03/05 01:15:37;5746904;144140;3992856
2024/03/05 01:15:42;5746908;144156;3992856
2024/03/05 01:15:47;5746152;144160;3992852
2024/03/05 01:15:52;5746152;144172;3992856
2024/03/05 01:15:57;5745396;144184;3992856
2024/03/05 01:16:02;5744892;144196;3992856
2024/03/05 01:16:07;5743884;144220;3992860
2024/03/05 01:16:12;5743128;144240;3992860
2024/03/05 01:16:17;5741872;144260;3992860
2024/03/05 01:16:22;5741116;144280;3992860
2024/03/05 01:16:27;5745380;144288;3992860
2024/03/05 01:16:32;5744120;144296;3992860
2024/03/05 01:16:37;5743616;144312;3992860
2024/03/05 01:16:42;5743364;144312;3992860
2024/03/05 01:16:48;5742608;144324;3992856
2024/03/05 01:16:53;5742104;144340;3992856
2024/03/05 01:16:58;5741604;144348;3992860
2024/03/05 01:17:03;5740860;144380;3992856
2024/03/05 01:17:08;5737348;144392;3992876
2024/03/05 01:17:13;5741816;144408;3992880
2024/03/05 01:17:18;5713408;144412;4001496
2024/03/05 01:17:23;5712400;144424;4001500
2024/03/05 01:17:28;5700860;144448;4004832
2024/03/05 01:17:33;5699348;144464;4004772
2024/03/05 01:17:38;5698592;144484;4004768
2024/03/05 01:17:43;5698088;144492;4004768
2024/03/05 01:17:48;5697584;144504;4004764
2024/03/05 01:17:53;5697584;144508;4004768
2024/03/05 01:17:58;5700860;144520;4004768
2024/03/05 01:18:03;5700104;144532;4004768
2024/03/05 01:18:08;5699600;144556;4004800
2024/03/05 01:18:13;5698844;144572;4004772
2024/03/05 01:18:18;5697836;144588;4004772
2024/03/05 01:18:23;5697080;144608;4004772
2024/03/05 01:18:28;5695824;144612;4004768
2024/03/05 01:18:33;5695320;144612;4004768
2024/03/05 01:18:38;5695068;144616;4004768
2024/03/05 01:18:43;5694816;144628;4004772
2024/03/05 01:18:48;5694816;144640;4004768
2024/03/05 01:18:53;5694816;144648;4004772
2024/03/05 01:18:58;5694060;144656;4004772
2024/03/05 01:19:03;5693808;144676;4004772
2024/03/05 01:19:08;5715292;144680;3999180
2024/03/05 01:19:13;5719504;144692;3999216
2024/03/05 01:19:18;5719000;144700;3999180
2024/03/05 01:19:23;5723704;144712;3999180
2024/03/05 01:19:28;5722700;144724;3999184
2024/03/05 01:19:33;5721440;144728;3999188
2024/03/05 01:19:38;5720432;144736;3999184
2024/03/05 01:19:43;5725148;144740;3999184
2024/03/05 01:19:48;5723892;144748;3999184
2024/03/05 01:19:53;5723136;144768;3999184
2024/03/05 01:19:58;5701980;144776;4004832
2024/03/05 01:20:03;5716080;144784;3999296
2024/03/05 01:20:08;5715748;144796;3999184
2024/03/05 01:20:13;5715748;144804;3999188
2024/03/05 01:20:18;5715748;144836;3999184
2024/03/05 01:20:23;5714992;144852;3999188
2024/03/05 01:20:28;5714740;144872;3999188
2024/03/05 01:20:33;5714488;144876;3999188
2024/03/05 01:20:38;5714236;144896;3999184
2024/03/05 01:20:44;5713232;144908;3999192
2024/03/05 01:20:49;5712476;144940;3999192
2024/03/05 01:20:54;5711720;144948;3999192
2024/03/05 01:20:59;5711468;144964;3999192
2024/03/05 01:21:04;5710712;144988;3999192
2024/03/05 01:21:09;5720392;145000;3999192
2024/03/05 01:21:14;5719384;145016;3999188
2024/03/05 01:21:19;5719132;145028;3999188
2024/03/05 01:21:24;5718380;145052;3999192
2024/03/05 01:21:29;5717624;145072;3999196
2024/03/05 01:21:34;5717120;145092;3999196
2024/03/05 01:21:39;5716364;145104;3999196
2024/03/05 01:21:44;5715608;145108;3999196
2024/03/05 01:21:49;5715356;145124;3999196
2024/03/05 01:21:54;5714348;145136;3999196
2024/03/05 01:21:59;5713092;145152;3999200
2024/03/05 01:22:04;5700240;145160;4004568
2024/03/05 01:22:09;5654704;145192;4015736
2024/03/05 01:22:14;5653948;145212;4015744
2024/03/05 01:22:19;5629264;145244;4021428
2024/03/05 01:22:24;5627500;145252;4021332
2024/03/05 01:22:29;5650336;145264;4013432
2024/03/05 01:22:34;5649580;145276;4013432
2024/03/05 01:22:39;5658380;145292;4011116
2024/03/05 01:22:44;5657144;145308;4011120
2024/03/05 01:22:49;5656896;145324;4011116
2024/03/05 01:22:54;5661596;145324;4011120
2024/03/05 01:22:59;5661092;145328;4011120
2024/03/05 01:23:04;5668148;145344;4008808
2024/03/05 01:23:09;5667140;145360;4008808
2024/03/05 01:23:14;5671860;145380;4008808
2024/03/05 01:23:19;5671356;145388;4008808
2024/03/05 01:23:24;5670352;145396;4008808
2024/03/05 01:23:29;5670100;145412;4008804
2024/03/05 01:23:34;5669848;145420;4008808
2024/03/05 01:23:39;5669596;145440;4008808
2024/03/05 01:23:44;5669596;145448;4008808
2024/03/05 01:23:50;5669092;145452;4008808
2024/03/05 01:23:55;5669092;145468;4008808
2024/03/05 01:24:00;5668592;145472;4008808
2024/03/05 01:24:05;5668088;145480;4008808
2024/03/05 01:24:10;5667332;145492;4008804
2024/03/05 01:24:15;5666828;145500;4008808
